measurement,Acc_X,Acc_Y,Acc_Z,Gyr_X,Gyr_Y,Gyr_Z,Label
0,0.061767578,-0.09814453,-0.026123047,1.5877863,-22.885496,3.3053436,0
1,0.058288574,-0.117004395,-0.013366699,31.839695,-1.0534351,4.9847326,0
2,0.036987305,-0.12194824,-0.032287598,-95,-43.335876,-7.9007635,0
3,0.010131836,-0.12786865,0.027832031,5.4503818,-6.9389315,-11.5801525,0
4,0.03387451,-0.111450195,0.0032348633,-8.885496,-10.106871,-7.4580154,0
5,0.049316406,-0.13134766,0.030578613,-2.0839694,8.305344,-9.557252,0
6,0.05731201,-0.11199951,0.013122559,-4.038168,4.557252,-7.0076337,0
7,0.060058594,-0.11651611,0.006958008,-2.9160306,3.2290077,0.6946565,0
8,0.059448242,-0.10687256,0.0014038086,1.7633588,6.5801525,-3.8931298,0
9,0.056884766,-0.12121582,0.0018310547,-7.5419846,2.5877862,-2.8473282,0
10,0.12408447,-0.22729492,-0.005493164,-11.244275,-0.022900764,-12.748092,0
11,0.07647705,-0.23016357,-0.003112793,-4.80916,2.3282442,-0.16793893,0
12,0.10028076,-0.23370361,-0.03540039,0.22900763,3.221374,-1.8015267,0
13,0.08856201,-0.2300415,-0.013916016,-0.47328246,2.1450381,1.0610687,0
14,-0.0032958984,-0.07910156,-0.23529053,46.46565,12.458015,34.312977,0
15,-0.005004883,-0.11639404,-0.20361328,6.259542,6.4961834,-5.480916,0
16,-0.002319336,-0.13928223,-0.18878174,0.39694658,5.7251906,-4.4274807,0
17,-0.0003051758,-0.16210938,-0.17468262,6.366412,4.374046,-4.259542,0
18,0.006286621,-0.19854736,-0.1807251,-1.2748091,8.351145,-4.152672,0
19,0.0178833,-0.2098999,-0.18408203,-14.442748,-2.8625953,-10.137404,0
20,0.014770508,-0.12713623,-0.058532715,-9.78626,-1.1450381,12.732824,0
21,0.05706787,-0.17956543,-0.15588379,-9.7786255,-9.40458,-5.5114503,0
22,0.036743164,-0.1505127,-0.14233398,-5.5801525,4.5496182,-2.7328243,0
23,0.033691406,-0.1560669,-0.18273926,2.923664,-0.015267176,-1.778626,0
24,0.045288086,-0.101867676,-0.17944336,-3.648855,-7.7862597,0.78625953,0
25,0.045532227,-0.12921143,-0.17236328,-10.152672,4.4198475,-5.4198475,0
26,0.09967041,-0.20239258,0.13537598,-8.282443,10.229008,-8.083969,0
27,0.09802246,-0.19274902,0.14263916,7.8702292,-2.183206,-7.19084,0
28,0.038757324,-0.13983154,0.09136963,-33.52672,-4.10687,-2,0
29,0.08117676,-0.17340088,0.121032715,-1.3358779,0.08396947,-43.44275,0
30,0.1873169,-0.1671753,0.06707764,27.366413,-17.770992,-20.114504,0
31,0.1552124,-0.19403076,0.05859375,4.5648856,5.221374,7.9770994,0
32,0.19787598,-0.16723633,0.01739502,2.8854961,2.3816793,-24.61832,0
33,0.21929932,-0.122680664,0.0048828125,-0.7557252,6.0610685,-7.366412,0
34,0.20562744,-0.1260376,0.023925781,-1.4351145,1.0152671,-8.114504,0
35,0.22216797,-0.11853027,0.030578613,-2.1526718,0.9541985,-8.320611,0
36,0.20947266,-0.09136963,0.021911621,9.564885,10.206107,-0.15267175,0
37,0.21673584,-0.1015625,0.026245117,5.5648856,-8.496183,9.671756,0
38,0.20050049,-0.1560669,0.030151367,9.519084,3.129771,6.442748,0
39,0.20019531,-0.14428711,0.053649902,2.2442749,6.29771,-2.480916,0
40,0.19482422,-0.14794922,0.04260254,2.389313,0.49618322,-4.2900763,0
41,0.19317627,-0.1762085,0.05999756,-25.89313,3.7557251,-4.1297708,0
42,0.11798096,-0.22406006,0.03137207,15.946565,23.839695,42.954197,0
43,0.099731445,-0.2310791,0.07537842,-1.1832061,0.3816794,6.2824426,0
44,0.08312988,-0.23535156,0.051330566,61.06107,9.282443,-3.1526718,0
45,0.16442871,-0.1864624,-0.10626221,22.12977,18.022902,-46.328243,0
46,0.09851074,-0.056884766,-0.21948242,39.648853,-4.7633586,38.312977,0
47,-0.012207031,0.026428223,-0.24621582,-1.7480916,-2.8091602,2.29771,0
48,0.03387451,0.010070801,-0.23809814,10.992367,15.305344,-3.6259542,0
49,0.16430664,-0.17712402,-0.011413574,46.64122,25.08397,-5.557252,0
50,0.109558105,-0.118896484,-0.17175293,-32.53435,-4,8.152672,0
51,0.15759277,-0.13092041,-0.105285645,142.69466,33.244274,24.793894,0
52,0.12414551,-0.15057373,-0.09887695,-69.64122,-15.053435,2.8778627,0
53,0.05029297,-0.040527344,-0.23486328,-8.801527,3.053435,-0.7557252,0
54,0.09295654,-0.22155762,-0.016296387,7.480916,-11.908397,25.786259,0
55,0.04547119,-0.17553711,-0.023803711,8.297709,6.7938933,-1.4351145,0
56,0.028625488,-0.21136475,-0.062927246,-45.755726,-5.4351144,7.1297708,0
57,0.06756592,-0.23608398,-0.040222168,-0.053435113,4.6488547,-2.8473282,0
58,0.070617676,-0.21691895,-0.016784668,-2.0992367,3.2290077,-5.1984735,0
59,0.083862305,-0.20739746,-0.04498291,-1.7862595,0.89312977,0.122137405,0
60,0.12884521,-0.19256592,-0.073913574,32.450382,0.3129771,17.328245,0
61,0.06732178,-0.1831665,-0.073791504,14.198473,8.801527,-3.2366412,0
62,0.095947266,-0.24316406,-0.050048828,-2.4961832,4.9465647,-1.778626,0
63,0.09655762,-0.24969482,-0.05895996,-0.45038167,7.114504,-0.9389313,0
64,0.09326172,-0.2548828,-0.05621338,2.908397,8.992367,1.1068702,0
65,0.091552734,-0.22497559,-0.05328369,-9.763359,6.8015265,6.4351144,0
66,0.09625244,-0.23400879,-0.06414795,4.9847326,9.61832,-2.9923663,0
67,0.042297363,-0.2043457,-0.12194824,-70.862595,-23.931297,9.641221,0
68,0.20178223,-0.34204102,0.19805908,250.12978,-37.14504,-23.610687,0
69,0.13781738,-0.17974854,0.10058594,-4.114504,-0.9465649,-5.7328243,0
70,0.11981201,-0.21887207,-0.076538086,-43.46565,-22.877863,-1.6335878,0
71,0.10461426,-0.17913818,-0.10620117,-19.87023,1.3816794,1.9923664,0
72,0.11065674,-0.20776367,-0.10656738,0.3816794,3.4122138,0.34351146,0
73,0.10534668,-0.18841553,-0.11779785,1.8854961,4.6946564,1.4274809,0
74,0.091796875,-0.18786621,-0.12145996,-11.916031,2.480916,-0.53435117,0
75,0.097595215,-0.20239258,-0.13531494,7.8702292,4.2366414,0.06870229,0
76,0.088256836,-0.19049072,-0.11999512,3.6564887,5.145038,-2.5648854,0
77,0.05419922,-0.25665283,-0.10638428,5.40458,1.740458,-2.3587787,0
78,0.05444336,-0.1998291,-0.093933105,2.4885497,3.9389312,1.5877863,0
79,0.06085205,-0.18426514,-0.11303711,-3.534351,3.0992367,1.221374,0
80,0.089416504,-0.17352295,-0.14868164,-13.045801,1.5954199,-1.6335878,0
81,0.09942627,-0.17602539,-0.14630127,5.9694657,2.6030533,-2.29771,0
82,0.09466553,-0.13848877,-0.15863037,-13.954199,1.4656489,-3.5877862,0
83,0.089416504,-0.17712402,-0.113342285,30.412214,2.7328243,-5.847328,0
84,0.06768799,-0.19726562,-0.11645508,4.0305343,1.648855,-2.740458,0
85,0.24334717,-0.25195312,-0.12567139,16.389313,42.221375,-85.70992,0
86,0.045043945,-0.21087646,-0.13665771,-2.1908398,-1.1908396,13.045801,0
87,0.06097412,-0.20007324,-0.095336914,1.7709924,2.1908398,1.3282443,0
88,0.05230713,-0.20019531,-0.10272217,9.435115,7.4274807,-0.6259542,0
89,0.01940918,-0.22387695,-0.15246582,14.022901,-14.549619,-22.29771,0
90,0.07952881,-0.20031738,-0.10913086,-7.7557254,-10.862596,-30.717558,0
91,0.06768799,-0.23382568,-0.04626465,1.5496184,3.206107,-3.6564887,0
92,0.055480957,-0.23034668,-0.05999756,0.22900763,1.8015267,-5.412214,0
93,0.061645508,-0.23217773,-0.04296875,-0.16030534,1.4122137,-3.4122138,0
94,0.07354736,-0.22833252,-0.05493164,-1.2442749,1.9770992,-2.3664122,0
95,0.06915283,-0.2296753,-0.057800293,-0.49618322,2,-0.27480915,0
96,0.062072754,-0.21838379,-0.05041504,-1.4580153,1.0152671,-4.0916033,0
97,0.07336426,-0.2208252,-0.055786133,1.3435115,2.687023,-2.1450381,0
98,0.055358887,-0.22796631,-0.05908203,-0.8015267,1.4732825,-0.41221374,0
99,0.06213379,-0.23309326,-0.05267334,-1.4580153,2.664122,-3.480916,0
100,0.073913574,-0.23077393,-0.01159668,-0.53435117,8.450381,-0.58778626,0
101,0.049621582,-0.24780273,-0.02142334,-0.96183205,6.7633586,1.0229008,0
102,0.036010742,-0.24291992,-0.022155762,-2.0076337,1.4122137,-2.9694657,0
103,0.05328369,-0.24420166,-0.06903076,-2.6412213,-3.2519083,-3.2671757,0
104,0.06542969,-0.23321533,-0.06866455,-1.3206106,-1.8931298,-4.328244,0
105,0.06665039,-0.24365234,-0.053466797,-3.3206108,-3.7709923,-3.5038168,0
106,0.07611084,-0.22027588,-0.07873535,4.9770994,2.4351146,2.832061,0
107,0.079589844,-0.21740723,-0.061706543,2.6793892,3.312977,-5.10687,0
108,0.09918213,-0.20135498,-0.0524292,0.73282444,1.4198474,-5.0152674,0
109,0.09918213,-0.20709229,-0.055541992,0.8778626,3.557252,-2.6717558,0
110,0.16436768,-0.20043945,0.070251465,-63.53435,-25.931297,-54.51145,0
111,0.22039795,0.0012817383,0.0072021484,-43.50382,44.450382,-29.877863,0
112,0.2781372,-0.03845215,0.040100098,-14.9007635,-7.7175574,-0.34351146,0
113,0.13830566,-0.20684814,-0.09692383,-20.503817,-27.389313,30.32061,0
114,0.117248535,-0.16320801,-0.04425049,53.900764,28.969465,9.80916,0
115,0.09857178,-0.2154541,0.0949707,-11.832061,-5.3511453,5.8778625,0
116,0.07684326,-0.21673584,0.09472656,0.022900764,1.0152671,-2.4122138,0
117,0.09387207,-0.20770264,0.10614014,4.6106873,1.6717557,-0.97709924,0
118,0.06591797,-0.21960449,0.088134766,-0.47328246,-2.2442749,0.053435113,0
119,0.08538818,-0.22625732,0.08850098,-0.27480915,3.3282442,-3.778626,0
120,0.07543945,-0.21826172,0.1184082,-0.24427481,4.328244,-1.6870229,0
121,0.055114746,-0.2388916,0.12054443,-9.19084,0.79389316,6.328244,0
122,0.07684326,-0.19348145,0.09265137,8.854961,7.4732823,-2.687023,0
123,0.070251465,-0.19476318,0.10845947,-11.297709,-6.0534353,-6.40458,0
124,0.084350586,-0.23779297,0.09674072,-2.0305343,2.5038168,-4.1297708,0
125,0.076293945,-0.2255249,0.0703125,-6.1221375,-2.40458,-2.3435113,0
126,0.112854004,-0.28308105,0.068603516,6.2671757,1.389313,-6.4274807,0
127,0.037475586,-0.26104736,0.0635376,3.5038168,-0.86259544,-2.335878,0
128,0.06970215,-0.2975464,0.07354736,-9.091603,-5.1984735,0.32824427,0
129,0.06109619,-0.2654419,0.024475098,-3.1603053,-8.816793,-5.633588,0
130,0.045410156,-0.22131348,0.028259277,1.7251909,-3.5419848,3.9007633,0
131,0.038146973,-0.27044678,0.028503418,5.4732823,-3.1908398,-2.6335878,0
132,0.038635254,-0.30725098,0.038757324,3.4198472,3.3664122,1.9923664,0
133,0.057128906,-0.22601318,0.059692383,1.4580153,-1.6641221,-6.1221375,0
134,0.083862305,-0.22979736,0.049865723,2.0839694,-1.0076336,-3.2671757,0
135,0.081848145,-0.21228027,0.058654785,5.7557254,6.0839696,-6.3129773,0
136,0.08392334,-0.23608398,0.07128906,-2.9923663,4.519084,3.687023,0
137,0.12536621,-0.23034668,0.06524658,5.2748094,9.709924,0.19847329,0
138,0.07800293,-0.24273682,0.0524292,-9.526717,-2.1984732,2.648855,0
139,0.06341553,-0.2312622,0.059570312,-15.893129,-5.1374044,-7.0076337,0
140,0.08477783,-0.2298584,0.03265381,1.3053435,-0.9160305,-5.7099237,0
141,0.10070801,-0.230896,0.029907227,-8.229008,-3.465649,-3.6412213,0
142,0.08721924,-0.22155762,0.101745605,-18.351145,1.610687,2.6793892,0
143,0.10241699,-0.23608398,0.13275146,21.419847,2.0229008,11.022901,0
144,0.13122559,-0.19671631,0.050720215,-17.030535,-15.755725,18.961832,0
145,0.101135254,-0.23608398,0.063964844,-26.648855,-15.442748,-5.8244276,0
146,0.08123779,-0.23083496,0.08886719,0.2519084,0.79389316,-1.4961832,0
147,0.08050537,-0.23535156,0.082214355,-1.5343511,1.4427481,-0.70229006,0
148,0.06378174,-0.21661377,0.08947754,13.251908,9.679389,2.572519,0
149,0.085876465,-0.2230835,0.08843994,-2.1526718,-0.15267175,-4.2442746,0
150,0.057739258,-0.18273926,0.05444336,10.442748,19.23664,-19.030535,0
151,0.08087158,-0.22106934,0.09857178,-0.9541985,0.46564886,-2.9847329,0
152,0.08526611,-0.22729492,0.09863281,-3.0839694,-1.0458015,-1.0839695,0
153,0.10461426,-0.22851562,0.08666992,-2.4580152,2.5267177,-3.221374,0
154,0.072509766,-0.22680664,0.088012695,-0.740458,1.8244275,-0.40458015,0
155,0.07928467,-0.21887207,0.10119629,-2.2748091,2.2290077,-1.7862595,0
156,0.0949707,-0.21801758,0.08856201,-0.46564886,2.2748091,-0.32824427,0
157,0.07397461,-0.2321167,0.09222412,-0.4427481,1.7175573,-5.0305343,0
158,0.06311035,-0.22442627,0.09539795,-1.8244275,3.7328243,-0.9236641,0
159,0.08703613,-0.23364258,0.09466553,-1.5496184,3.2137403,-1.648855,0
160,0.08392334,-0.21466064,0.08282471,-9.175572,0.53435117,2.4885497,0
161,0.076293945,-0.23394775,0.051086426,1.0305344,5.0305343,-2.5496182,0
162,0.0892334,-0.24554443,0.039733887,-7.3511453,1.4732825,-1.0992366,0
163,0.08947754,-0.22851562,0.03692627,-2.778626,2.1984732,-3.3664122,0
164,0.08117676,-0.2368164,0.020874023,0.35877863,2.0610688,-1.7709924,0
165,0.08093262,-0.24163818,0.032043457,0.70229006,2.29771,0.16030534,0
166,0.08679199,-0.23620605,0.019592285,-2.2519083,2.1526718,0.35114503,0
167,0.08856201,-0.24743652,0.024597168,-0.8549618,0.40458015,-1.167939,0
168,0.08453369,-0.2355957,0.026184082,-0.10687023,2.1526718,3.9770992,0
169,0.0670166,-0.23760986,0.038146973,3.4961832,5.6488547,-3.076336,0
170,0.08294678,-0.21826172,0.0904541,9.625955,22.374046,-13.534351,0
171,0.07434082,-0.22772217,0.078308105,-3.778626,-0.27480915,2.6183207,0
172,0.06695557,-0.23260498,0.076660156,-1.7480916,1.0305344,-0.6183206,0
173,0.07885742,-0.22937012,0.0625,-0.6793893,2.9541984,1.778626,0
174,0.06713867,-0.23156738,0.066345215,-0.9312977,3.4580152,-2.5419848,0
175,0.078552246,-0.23144531,0.066345215,-1.2824427,1.7633588,-2.1755726,0
176,0.06738281,-0.23034668,0.06524658,-0.740458,1.7251909,-2.7175572,0
177,0.06359863,-0.24304199,0.084472656,0.6183206,0.7251908,-0.870229,0
178,0.051086426,-0.22747803,0.08129883,-1.3435115,2.335878,0.26717559,0
179,0.075683594,-0.23394775,0.07067871,-2.167939,4.9389315,-0.3740458,0
180,0.066833496,-0.23321533,0.08337402,-0.6183206,0.16793893,0.55725193,0
181,0.053710938,-0.23492432,0.078308105,-4.2824426,-3.183206,0.45801526,0
182,0.057678223,-0.23614502,0.07092285,1.5954199,1.8167939,-5.0076337,0
183,0.095581055,-0.23370361,0.066589355,-4.778626,-3.793893,0.17557251,0
184,0.07330322,-0.22906494,0.044311523,1.3053435,-0.5114504,2.7709923,0
185,0.05645752,-0.24780273,0.037353516,3.9007633,-1.29771,-2.740458,0
186,0.07885742,-0.24865723,0.0435791,-1.4198474,-4.2290077,0.8091603,0
187,0.04699707,-0.24694824,0.040283203,-5.6183205,1.3053435,-11.450381,0
188,0.0770874,-0.20916748,0.07086182,-3.053435,2.7557251,-0.1908397,0
189,0.08258057,-0.22479248,0.04321289,-5.374046,1.1832061,-5.4656487,0
190,0.100097656,-0.26055908,0.02532959,-6.0152674,-5.80916,0.28244275,0
191,0.10229492,-0.21533203,-0.014221191,-1.29771,-0.8854962,-2.572519,0
192,0.10736084,-0.24243164,0.018554688,1.2442749,-1.2900764,0.55725193,0
193,0.06762695,-0.26080322,0.038208008,1.8015267,-5.7633586,-5.6793895,0
194,0.11743164,-0.27600098,0.020751953,-0.45801526,-2.5038168,-3.572519,0
195,0.109802246,-0.2442627,0.016479492,4.1297708,-1.3129771,3.1221373,0
196,0.105163574,-0.20245361,0.002380371,-0.17557251,-3.129771,2.053435,0
197,0.10845947,-0.23596191,0.021972656,0.24427481,-1.6412214,-3.7099237,0
198,0.10205078,-0.22406006,0.0073242188,6.740458,3.4580152,-6.5114503,0
199,0.09643555,-0.21691895,-0.017944336,2.1526718,8.824428,-8.152672,0
200,0.058776855,-0.19732666,0.058898926,3.6183207,3.0839694,-5.4351144,0
201,0.083496094,-0.23980713,0.030517578,-3.832061,1.0763359,-1.778626,0
202,0.11187744,-0.23052979,0.029785156,-2.8854961,0.870229,-4.9541984,0
203,0.11383057,-0.22216797,0.014404297,0.10687023,3.908397,-2.0458016,0
204,0.12408447,-0.20178223,0.002746582,2.3587787,5.152672,-10.625955,0
205,0.11657715,-0.215271,-0.0049438477,7.152672,5.068702,-4.4656487,0
206,0.12182617,-0.22161865,-0.0034179688,0.46564886,2.6717558,-2.778626,0
207,0.0970459,-0.21392822,0.029968262,-4.7175574,-1.1450381,-1.8396946,0
208,0.09313965,-0.22595215,0.028198242,-1.1984733,1.0305344,-9.625955,0
209,0.09588623,-0.22399902,0.041625977,0.84732825,2.4351146,-6.885496,0
210,0.09643555,-0.25335693,0.05670166,-0.47328246,6.221374,-1.6717557,0
211,0.09918213,-0.1975708,0.027160645,0.65648854,4.9770994,-3.183206,0
212,0.07476807,-0.21618652,0.042419434,8.80916,7.5114503,-9.290076,0
213,0.07458496,-0.21057129,0.024536133,2,-2.1603053,-6.0076337,0
214,0.07672119,-0.2062378,0.041748047,1.389313,-3.3664122,-2.6564887,0
215,0.09576416,-0.21380615,0.060668945,1.6870229,-2.1450381,-3.206107,0
216,0.13885498,-0.24121094,0.043029785,-3.793893,1.0305344,0.9847328,0
217,0.11645508,-0.2644043,0.07788086,5.671756,6.4198475,-0.84732825,0
218,0.070007324,-0.22851562,0.0770874,5.6030536,3.9312978,-4.9847326,0
219,0.12628174,-0.22698975,0.008666992,-9.312977,-5.8778625,-8.519084,0
220,0.08276367,-0.2512207,0.028686523,-3.351145,-5.3969464,-4.3053436,0
221,0.081726074,-0.24176025,0.061706543,9.274809,6.664122,-7.3129773,0
222,0.09039307,-0.20349121,0.042175293,3.351145,3.3206108,-5.1297708,0
223,0.09899902,-0.23370361,0.042297363,4.2366414,2.9007633,-2.129771,0
224,0.069885254,-0.20965576,0.024536133,-2.8778627,-1.2671756,-5.0152674,0
225,0.0692749,-0.21069336,0.0018920898,-0.45801526,-3.091603,-1.1832061,0
226,0.109375,-0.2321167,0.011657715,1.5419847,-1.6412214,-3.2519083,0
227,0.09729004,-0.22338867,0.009460449,-2.2137403,-3.557252,-6.2061067,0
228,0.093811035,-0.24822998,0.034606934,-6,-3.687023,-4.4885497,0
229,0.084106445,-0.22894287,0.030883789,-0.648855,-0.45801526,-3.8015268,0
230,0.105285645,-0.26483154,0.064697266,-0.23664123,7.6488547,-11.068703,0
231,0.10247803,-0.26654053,0.049987793,6.335878,-0.79389316,-5.5267177,0
232,0.11193848,-0.23913574,0.0053710938,12.587787,2.793893,-7.2519083,0
233,0.10821533,-0.1618042,0.021850586,7.2748094,4.778626,-4.633588,0
234,0.09844971,-0.21942139,0.029541016,8.198473,5.2137403,-5.2824426,0
235,0.08856201,-0.23242188,0.04071045,1.8167939,4.3206105,-1.8625954,0
236,0.08129883,-0.21765137,0.040649414,-4.7175574,-0.5038168,-5.5267177,0
237,0.0680542,-0.21081543,0.031982422,4.6870227,-1.8931298,-5.0458016,0
238,0.046142578,-0.23815918,0.034973145,17.740458,2.3053436,2,0
239,0.046142578,-0.19763184,0.023376465,4.9541984,-2.3969467,-7.6030536,0
240,0.090270996,-0.2388916,0.03894043,-5.068702,0.870229,-6.259542,0
241,0.082214355,-0.19824219,0.04144287,1.1374046,3.335878,-3.3282442,0
242,0.10223389,-0.20910645,0.025268555,-1.1068702,2.3206108,-4.6030536,0
243,0.13098145,-0.2322998,0.015930176,2.5648854,4.0229006,-1,0
244,0.106933594,-0.23846436,0.026855469,3.923664,5.6183205,-2.7557251,0
245,0.13024902,-0.1716919,0.12243652,4.885496,14.465649,-15.763359,0
246,0.08660889,-0.23242188,0.08013916,7.259542,6.519084,-2.1450381,0
247,0.09967041,-0.22399902,0.08282471,1.1984733,3.778626,-4.0839696,0
248,0.085754395,-0.23358154,0.073913574,-0.52671754,0.740458,-2.6717558,0
249,0.103393555,-0.20697021,0.06518555,-2.8091602,0.8549618,-5.3893127,0
250,0.10534668,-0.22705078,0.08557129,30.366413,18.519083,-11.030535,0
251,0.119628906,-0.22210693,0.08679199,1.8778626,0.8091603,-5.2366414,0
252,0.1184082,-0.2234497,0.06707764,1.7099236,3.3587787,-5.2290077,0
253,0.137146,-0.20544434,0.0647583,6.0305343,5.2137403,2.648855,0
254,0.086242676,-0.24560547,0.082092285,10.435115,-3.2366412,1.3664122,0
255,0.11230469,-0.21331787,0.09729004,-7.6030536,-16.74809,-2.076336,0
256,0.08807373,-0.21429443,0.09552002,4.816794,5.778626,-10.274809,0
257,0.099975586,-0.2177124,0.13842773,32.64122,-0.648855,-2.9694657,0
258,0.09942627,-0.21807861,0.14141846,-29.412214,-23.480917,7.9541984,0
259,0.19384766,0.06378174,-0.20837402,12.458015,4.3969464,-30,0
260,0.12219238,-0.14508057,-0.16491699,3.221374,0.34351146,-6.3129773,0
261,0.10101318,-0.22589111,0.048095703,93.68702,70.43511,-1.4656489,0
262,0.08666992,-0.22076416,0.045715332,4.221374,6.442748,-2.0458016,0
263,0.13568115,-0.22741699,0.021728516,-7.6564884,1.6717557,-3.2748091,0
264,0.11352539,-0.22888184,0.023864746,-3.1755726,4.4351144,-1.0610687,0
265,0.14172363,-0.2084961,0.026916504,-8.152672,6.7633586,-3.59542,0
266,0.13146973,-0.2020874,0.0021362305,-6.480916,8.198473,-3.7251909,0
267,0.105773926,-0.22930908,0.018249512,-0.45038167,9.351145,-0.33587787,0
268,0.11364746,-0.2267456,0.0021362305,-3.961832,6.931298,-2.3053436,0
269,0.11260986,-0.23022461,0.0036010742,-2.534351,6.587786,-5.7328243,0
270,0.11413574,-0.2164917,0.018920898,-1.3129771,9.061069,-2.7099237,0
271,0.08880615,-0.22717285,0.043029785,-5.442748,14.175572,-4.2824426,0
272,0.121154785,-0.21118164,0.066223145,-12.290076,15.854961,-5.076336,0
273,0.118652344,-0.21960449,0.064453125,-4.0152674,20.87023,-4.40458,0
274,0.10546875,-0.22473145,0.075683594,-9.274809,19.374046,-3.6412213,0
275,0.09283447,-0.20385742,0.09698486,0.9541985,28.778625,-3.4122138,0
276,0.10083008,-0.21881104,0.06762695,-5.6183205,14.442748,-0.053435113,0
277,0.09942627,-0.23504639,0.063964844,-9.122137,8.854961,-4.70229,0
278,0.08483887,-0.2208252,0.050354004,-4.6488547,3.70229,-2.3587787,0
279,0.07019043,-0.2553711,0.047302246,-4.4732823,0.32061067,-2.0229008,0
280,0.05731201,-0.1687622,-0.024353027,-3.1526718,0.20610687,9.21374,0
281,0.11071777,-0.23480225,-0.010681152,7.2671757,8.992367,0.9389313,0
282,0.09277344,-0.22399902,0.016479492,-7.3206105,1.29771,-5.2137403,0
283,0.1003418,-0.24133301,0.010498047,-12.160305,-2.4198472,1.7709924,0
284,0.103759766,-0.21807861,0.017211914,4.0305343,7.2824426,-7.6488547,0
285,0.10467529,-0.22259521,-0.013244629,-0.7633588,4.038168,-2.2137403,0
286,0.125,-0.24505615,-0.022705078,-2.091603,0.9389313,-6.587786,0
287,0.10638428,-0.2296753,-0.005126953,-5.9465647,-0.33587787,-4.59542,0
288,0.07525635,-0.22265625,0.030151367,13.908397,11.977099,-2.091603,0
289,0.07611084,-0.22277832,0.034484863,1.5572519,4.0229006,-5.0839696,0
290,0.07562256,-0.2290039,0.023498535,-2.7480917,0.740458,-6.7938933,0
291,0.0703125,-0.23394775,0.035461426,-1.9847329,0.099236645,-11.496183,0
292,0.043823242,-0.2649536,0.0056762695,50.816795,-26.625954,-11.877863,0
293,0.09112549,-0.22790527,0.0435791,-12.984733,3.167939,4.1984735,0
294,0.0680542,-0.24481201,0.058654785,-0.67175573,2.8854961,-1.7862595,0
295,0.072143555,-0.23577881,0.056640625,-5.2442746,-0.28244275,-7.2748094,0
296,0.077697754,-0.2421875,0.04736328,-1.4503816,1.2519084,-4.3435116,0
297,0.06854248,-0.23999023,0.06304932,-0.22137405,1,-4.740458,0
298,0.065979004,-0.23999023,0.05053711,-3.2366412,0.21374045,-0.3816794,0
299,0.07556152,-0.23272705,0.036254883,-1.2290076,2.1374047,-2.7251909,0
300,0.08068848,-0.22302246,0.038269043,-8.770992,-1.5801526,-0.28244275,0
301,0.05218506,-0.23553467,0.047729492,7.0992365,5.2671757,-4.0839696,0
302,0.056640625,-0.24749756,0.042419434,-8.114504,-2.6564887,-5.076336,0
303,0.057250977,-0.2545166,0.04937744,-4.9465647,0.5114504,-2.7709923,0
304,0.058654785,-0.22277832,0.023254395,-3.8854961,0.06870229,-6.2366414,0
305,0.051574707,-0.27124023,-0.0178833,-1.8625954,-4.9847326,-4.5496182,0
306,0.030578613,-0.23913574,-0.0078125,1.1755725,-7.183206,-2.7557251,0
307,0.03491211,-0.21582031,-0.02947998,-2.465649,-9.053435,-1.3129771,0
308,0.046569824,-0.27471924,-0.019348145,3.3740458,-9.473283,-8.511451,0
309,0.035461426,-0.24407959,-0.03186035,1.5572519,-10.19084,-6.412214,0
310,0.04046631,-0.22949219,-0.05999756,6.221374,-4.442748,-8.847328,0
311,0.03955078,-0.24707031,-0.06311035,2.312977,-2.0458016,-6.3587785,0
312,0.051330566,-0.22589111,-0.03967285,4.625954,4.5114503,-3.5877862,0
313,0.0579834,-0.23901367,-0.023376465,-19.030535,-7.4274807,-3.4961832,0
314,0.033081055,-0.23858643,0.011047363,3.832061,-2.2442749,-3.0076337,0
315,0.038879395,-0.23297119,0.0001220703,-0.7633588,-5.671756,-6.6030536,0
316,0.03277588,-0.25152588,0.009216309,-2.183206,-5.6488547,-5.6106873,0
317,0.042419434,-0.2399292,-0.0026245117,-10.167939,-10.480916,-6.3511453,0
318,0.036132812,-0.22735596,0.0068969727,12.244275,1.1603054,-6.4580154,0
319,0.043762207,-0.2611084,-0.022338867,-3.4198472,-4.259542,-4.1984735,0
320,0.059692383,-0.2647705,0.0107421875,1.2442749,1.9770992,-1.0076336,0
321,0.05126953,-0.23364258,-0.008361816,1.778626,1.4580153,0.022900764,0
322,0.04425049,-0.23217773,-0.029968262,2.961832,1.4885496,-2.9923663,0
323,0.059631348,-0.21984863,-0.00592041,-2.9007633,0.54198474,-0.8015267,0
324,0.046875,-0.22875977,-0.039733887,2.1145039,1.8091604,1.167939,0
325,0.052001953,-0.21862793,-0.0335083,-0.60305345,2.3740458,-3.3816793,0
326,0.051818848,-0.23065186,-0.014038086,-0.9236641,4.3587785,-2.1755726,0
327,0.059753418,-0.24078369,-0.018005371,-0.55725193,4.7938933,-0.06870229,0
328,0.07269287,-0.25634766,-0.023254395,1.1832061,8,-1.9007634,0
329,0.07733154,-0.23406982,-0.010437012,-5.5038166,4.8702292,-0.83206105,0
330,0.078186035,-0.25842285,-0.01574707,-6.1297708,6.6488547,-1.259542,0
331,0.06768799,-0.2333374,-0.02319336,0.90076333,9.839695,-6.1603055,0
332,0.0736084,-0.26593018,-0.07800293,4.847328,8.5801525,-0.8396947,0
333,0.08288574,-0.20617676,-0.043945312,3.7480917,7.0916033,0,0
334,0.071777344,-0.23242188,-0.052734375,1.3587786,5.8625956,-2.076336,0
335,0.072387695,-0.20806885,-0.04699707,2.8473282,5.8396945,-2.7099237,0
336,0.055908203,-0.2177124,-0.06048584,3.2824428,1.5496184,-1.1984733,0
337,0.056640625,-0.24591064,-0.053649902,-0.57251906,1.3587786,-2.7480917,0
338,0.044067383,-0.24163818,-0.019042969,-28.23664,-6.9007635,-6.335878,0
339,0.032836914,-0.23498535,0.012329102,-2.7480917,1.1221374,-1.3053435,0
340,0.031066895,-0.21813965,-0.02319336,-12.38168,0.35877863,-2.0229008,0
341,0.044067383,-0.25439453,-0.027954102,-24.19084,-8.496183,-3.2519083,0
342,0.049804688,-0.2390747,0.0038452148,1.8244275,5.5343513,-0.5038168,0
343,0.054748535,-0.2609253,0.0020751953,-3.6564887,1.9007634,-6.2671757,0
344,0.05090332,-0.2234497,-0.025634766,10.328244,2.167939,-1.0534351,0
345,0.060424805,-0.23431396,-0.03955078,-9.954199,-2.687023,3.6259542,0
346,0.06262207,-0.23199463,-0.038879395,5.29771,2.1908398,-2.091603,0
347,0.05340576,-0.21887207,-0.059020996,-14.030535,11.648855,-0.71755725,0
348,0.058898926,-0.23706055,-0.0335083,-1.0152671,3.5114503,0.6870229,0
349,0.047729492,-0.23913574,-0.04852295,-1.7862595,4.7557254,0.16793893,0
350,0.06274414,-0.22247314,-0.045654297,10.030535,8.328244,0.9694657,0
351,0.055114746,-0.24298096,-0.040222168,0.1908397,2.648855,-0.8778626,1
352,0.09790039,-0.2244873,0.020935059,70.74809,-2.557252,-9.748092,1
353,0.07006836,-0.22393799,-0.13537598,89.64122,-51.89313,99.9313,1
354,-0.09790039,-0.21459961,0.04248047,36.137405,11.946565,29.671755,1
355,-0.23565674,-0.22454834,0.042541504,37.85496,26.541985,-9.587787,1
356,-0.21704102,-0.11798096,-0.020141602,-32.389313,1.1603054,10.106871,1
357,-0.1326294,-0.20727539,-0.10040283,-88.221375,15.473283,-93.541985,1
358,-0.1920166,-0.2088623,0.007873535,87.03817,35.50382,65.39695,1
359,-0.20843506,-0.11065674,-0.06945801,21.832062,-5.480916,-5.8625956,1
360,-0.21948242,-0.11828613,-0.049865723,20.259542,3.5877862,8.549619,1
361,-0.22723389,-0.08258057,-0.03265381,-21.816793,-7.9083967,-0.7251908,1
362,-0.2310791,-0.083496094,-0.028381348,12.839695,0.15267175,-8.38168,1
363,-0.22961426,-0.062316895,-0.010803223,19.854961,10.656488,-1.8473282,1
364,-0.23016357,-0.07989502,-0.025756836,-25.793894,-5.8702292,-4.2290077,1
365,-0.22271729,-0.07128906,-0.043395996,7.5648856,7.633588,-1.7633588,1
366,-0.23168945,-0.0814209,-0.052856445,14.274809,33.79389,-29.557251,1
367,-0.13641357,-0.061828613,-0.1394043,10.366412,-10.305344,1.351145,1
368,-0.13201904,-0.0791626,-0.24176025,39.35878,-13.938931,3.1450381,1
369,-0.29779053,-0.18273926,0.0107421875,18.473282,3.4885497,66.69466,1
370,-0.18951416,-0.06933594,-0.072631836,-3.1145039,4.7480917,0.99236643,1
371,-0.21453857,-0.09118652,-0.049072266,2.1603053,-15.80916,-32.40458,1
372,-0.1942749,-0.12231445,-0.0357666,-24.984734,-21.198473,-9.885496,1
373,-0.22174072,-0.095825195,-0.037109375,52.29771,12.458015,10.198473,1
374,-0.23168945,-0.13641357,-0.007873535,-65.48855,-8.091603,-16.908398,1
375,-0.28173828,-0.097351074,-0.06036377,4.7557254,9.847328,-20.709923,1
376,-0.053649902,-0.07067871,-0.020141602,3.778626,3.259542,-43.76336,1
377,-0.19781494,-0.06500244,-0.068359375,56.47328,-20.351145,94.56489,1
378,-0.21142578,-0.06347656,-0.05340576,11.572519,-65.9542,73.75572,1
379,-0.2512207,-0.08215332,-0.022644043,-10.320611,-51.412212,113.51908,1
380,-0.22003174,-0.12023926,-0.03967285,92.43511,-6.0839696,58.351147,1
381,-0.24932861,-0.07885742,-0.008239746,-15.129771,67.40458,-118.73283,1
382,-0.21813965,-0.09484863,-0.007446289,-71.47328,43.778625,-118.64122,1
383,-0.21588135,-0.07702637,-0.03137207,-43.389313,63.870228,-142.26718,1
384,-0.25506592,-0.07501221,-0.04534912,-10.305344,75.45038,-139.27481,1
385,-0.2662964,-0.10369873,-0.03881836,-39.290077,65.36641,-148.78625,1
386,-0.22937012,-0.16052246,-0.0014038086,-30.625954,9.832061,-92.183205,1
387,-0.234375,-0.10522461,-0.03277588,-55.923664,7.9541984,-69.183205,1
388,-0.2854004,-0.09680176,-0.07104492,10.351145,9.946565,-28.343512,1
389,-0.25054932,-0.14831543,-0.050354004,-31.595419,-40.541985,78.19847,1
390,-0.21740723,-0.103393555,-0.062072754,37.633587,-39.40458,76.83206,1
391,-0.21429443,-0.030212402,-0.10076904,46.541985,-40.08397,43.374046,1
392,-0.22113037,-0.12017822,-0.02923584,107.16031,-1.4961832,82.64122,1
393,-0.17962646,-0.11212158,-0.055480957,-5.328244,-13.748092,93.091606,1
394,-0.18536377,-0.07348633,-0.049316406,2.0076337,16.671755,5.961832,1
395,-0.08013916,-0.15911865,-0.049072266,-8.2595415,-15.687023,-82.08397,1
396,-0.17047119,-0.05316162,-0.0848999,-20.854961,-9.839695,-27.93893,1
397,-0.24871826,-0.14685059,-0.04852295,-89.137405,-8.610687,3.1526718,1
398,-0.23492432,-0.24365234,-0.017333984,-35.183205,27.19084,10.328244,1
399,-0.18066406,-0.29107666,-0.038269043,150,139.08397,-76.62595,1
400,-0.24554443,-0.19647217,-0.036376953,18.480917,-13.076336,113,1
401,-0.29052734,-0.11090088,0.022399902,-89.41222,-15.946565,-5.2137403,1
402,-0.22167969,-0.10217285,-0.027893066,-87.15267,1.167939,-65.19847,1
403,-0.19726562,-0.09674072,-0.012756348,-81.59542,27.595419,-89.16031,1
404,-0.16308594,-0.093566895,-0.031982422,10.297709,37.091602,-80.05344,1
405,-0.1975708,-0.0680542,-0.04901123,-70.05344,15.374045,-54.335876,1
406,-0.24365234,-0.068115234,-0.028625488,-3.7328243,84.61069,-88.84733,1
407,-0.21026611,-0.110839844,-0.010559082,-63.961834,42.541985,-84.10687,1
408,-0.29370117,-0.12963867,-0.053222656,-35.801525,-4.0610685,22.152672,1
409,-0.32086182,-0.097351074,-0.07183838,29.732824,12.198473,-10.938931,1
410,-0.28479004,-0.08605957,-0.07397461,44.46565,-9.549619,30.23664,1
411,-0.15704346,-0.07873535,-0.09136963,-64.35114,-36.48855,41.870228,2
412,-0.18884277,-0.085754395,-0.07183838,19.51145,-26.404581,58.687023,2
413,-0.17596436,-0.08514404,-0.066589355,15.129771,-20.32061,54.137405,2
414,-0.14508057,-0.08917236,-0.052490234,49.12214,-4.9465647,35.587788,2
415,-0.15515137,-0.064331055,-0.059265137,43.984734,1.5877863,29.206106,2
416,-0.19055176,-0.053771973,-0.0119018555,-57.633587,-8.603053,-5.0610685,2
417,-0.1873169,-0.060668945,-0.027648926,14.412213,-7.152672,20.770992,2
418,-0.21807861,-0.079589844,-0.017150879,-31.67939,-26.885496,30.007633,2
419,-0.20214844,-0.045898438,-0.06347656,1.8549619,-27.740458,32.419846,2
420,-0.22192383,-0.10748291,-0.028381348,135.47328,0.9541985,64.76336,2
421,-0.3250122,-0.116882324,-0.011657715,92.03053,2.7480917,46.923664,2
422,-0.25128174,-0.083862305,0.0001831055,80.21374,21.900763,10.503817,2
423,-0.24993896,-0.05834961,-0.013305664,56.770992,18.656488,-8.129771,2
424,-0.25665283,-0.032104492,-0.013122559,-10.290076,32.778625,-24.961832,2
425,-0.2541504,-0.121032715,-0.019042969,-93.99236,40.85496,-105.84733,2
426,-0.24865723,-0.08843994,-0.01574707,-105.45038,64.29771,-118.57252,2
427,-0.25665283,-0.11138916,-0.010864258,-78.59542,56.648853,-118.83969,2
428,-0.2397461,-0.109680176,-0.002380371,-116.496185,29.480917,-117.75572,2
429,-0.22766113,-0.08123779,-0.010559082,-51.778625,50.954197,-147.9542,2
430,-0.22875977,-0.09240723,-0.0026245117,-119.38931,26.022902,-149.08397,2
431,-0.19946289,-0.09863281,-0.028869629,-85.68702,30.480917,-134.0458,2
432,-0.21612549,-0.06933594,-0.018432617,-36.770992,51.717556,-144.49619,2
433,-0.21362305,-0.07775879,-0.027404785,13.519084,66.28244,-101.48092,2
434,-0.23138428,-0.08001709,-0.012390137,-57.007633,56.76336,-100.9313,2
435,-0.24066162,-0.08392334,-0.009033203,-50.72519,53.030533,-95.44275,2
436,-0.23504639,-0.05682373,-0.067993164,52.076336,55.35878,-54.74046,2
437,-0.2345581,-0.05596924,-0.07495117,36.885498,27.61832,-54.282444,2
438,-0.3501587,-0.07385254,-0.06488037,-0.7633588,20.267176,-36.015266,2
439,-0.3203125,-0.1383667,-0.03729248,-0.86259544,-9.9007635,13.694656,2
440,-0.27648926,-0.09295654,-0.070129395,21.770992,-15.015267,46.687023,2
441,-0.20947266,-0.121276855,-0.07312012,-22.442749,-51.76336,82.496185,2
442,-0.17895508,-0.09643555,-0.07659912,48.091602,-19.656488,68.57252,2
443,-0.19018555,-0.072265625,-0.06695557,71.03817,-28.274809,68.091606,2
444,-0.22027588,-0.057556152,-0.039733887,34.374046,-18.122137,45.328243,2
445,-0.22253418,-0.041259766,-0.005432129,1.6717557,-47.778625,36.007633,2
446,-0.22705078,-0.072509766,-0.04449463,70.94656,-21.671755,38.114502,2
447,-0.31378174,-0.13134766,-0.019714355,76.8855,-14.145039,53.625954,2
448,-0.22979736,-0.08526611,-0.028137207,91.221375,15.061069,2.091603,2
449,-0.27563477,-0.09649658,0.060058594,-24.48855,45.229008,-49.267174,2
450,-0.24804688,-0.06903076,0.0012817383,-40.030533,65.32825,-55.992367,2
451,-0.21539307,-0.06427002,-0.016967773,-59.38168,60.61832,-127.43511,2
452,-0.23638916,-0.07977295,-0.05230713,-19.824427,89.72519,-134.22137,2
453,-0.270813,-0.10211182,-0.008605957,-46.9771,92.824425,-118.29008,2
454,-0.24871826,-0.13354492,0.023498535,2.6564887,110.56489,-81.091606,2
455,-0.24591064,-0.0758667,-0.013244629,-70.55725,61.374046,-80.26717,2
456,-0.31280518,-0.107055664,-0.10809326,-37.53435,-25.557251,-8.129771,2
457,-0.25958252,-0.10119629,-0.053466797,54.664124,-12.641221,15.9007635,2
458,-0.28948975,-0.107788086,-0.058654785,-88.51145,-75.419846,90.92367,2
459,-0.24731445,-0.2029419,-0.05255127,22.519083,-5.068702,147.60306,2
460,-0.19335938,-0.061523438,-0.09033203,-0.8778626,-56.755726,70.32825,2
461,-0.19470215,-0.06225586,-0.020080566,40.305344,-23.885496,56.312977,2
462,-0.19329834,-0.17279053,-0.059692383,-87.20611,-4.7480917,133.30534,2
463,-0.25683594,-0.11663818,0.004760742,-6.152672,78.70229,-61.50382,2
464,-0.2454834,-0.09814453,0.0134887695,-60.06107,55.015266,-41.55725,2
465,-0.24798584,-0.08605957,-0.030090332,-48.946564,3.2442749,-37.435116,2
466,-0.2798462,-0.09033203,-0.0065307617,-88.8855,22.496183,-54.435116,2
467,-0.3269043,-0.11029053,-0.054626465,12.931297,-20.603054,35.59542,2
468,-0.14788818,-0.103515625,-0.064208984,96.62595,35.23664,-5.7938933,2
469,-0.2255249,-0.087524414,0.013366699,20.900763,29.053434,10.977099,2
470,-0.2672119,-0.12219238,-0.066223145,31.38168,-25.984734,47.55725,2
471,-0.23400879,-0.10058594,0.030639648,-26.755726,36.396946,-54.221375,2
472,-0.21038818,-0.13214111,-0.0053710938,-73.92367,-10.984733,-118.12214,2
473,-0.2366333,-0.10974121,-0.039855957,-1.6564885,32.389313,-27.580153,2
474,-0.3015747,-0.15197754,-0.097839355,-144.81679,-37.114502,-16.412214,2
475,-0.25842285,-0.14727783,-0.047546387,-25.61832,-40.984734,59.900764,2
476,-0.19641113,-0.18377686,-0.018066406,42.396946,-13.59542,175.70229,2
477,-0.20013428,-0.07324219,-0.08111572,17.38168,-38.137405,58.34351,2
478,-0.2368164,-0.08514404,-0.016784668,-76.80153,-25.351145,13.038168,2
479,-0.22930908,-0.074157715,-0.01361084,-111.52672,-61.251907,92.83206,2
480,-0.19396973,-0.101989746,-0.07495117,70.12214,-40.312977,118.99236,2
481,-0.23596191,-0.12463379,-0.03265381,71.64886,-14.068703,45.282444,2
482,-0.25878906,-0.1027832,-0.0075683594,-44.59542,14.687023,-54.038166,2
483,-0.23486328,-0.113342285,-0.008300781,-42.427483,9.465649,-42.32061,2
484,-0.20605469,-0.08129883,-0.049194336,-40.79389,23.641222,-64.541985,2
485,-0.14904785,-0.09063721,-0.04949951,-47.64122,-10.40458,-53.961834,2
486,-0.19995117,-0.13476562,-0.018310547,-41.809162,6.3969464,-22.793894,2
487,-0.27685547,-0.08850098,0.004638672,45.992367,53.79389,-55.17557,2
488,-0.23669434,-0.105895996,-0.030029297,-83.76336,-11.969465,-65.816795,2
489,-0.22912598,-0.03277588,-0.04333496,-48.541985,3.9312978,-46.305344,2
490,-0.2763672,-0.18292236,-0.025878906,-42.51145,-50.47328,14.412213,2
491,-0.20446777,-0.11230469,-0.024291992,-107.32061,-35.51145,9.366412,2
492,-0.16192627,-0.09210205,-0.012207031,11.9007635,5.8702292,55.52672,2
493,-0.31225586,-0.109802246,0.06585693,77.63359,-5.3435116,19.358778,2
494,-0.260437,0.018005371,0.08288574,-42.816795,1.6259542,1.519084,2
495,-0.22521973,-0.09881592,0.039794922,-121.96183,4.480916,-26.068703,2
496,-0.20275879,-0.07977295,-0.021850586,-15.236641,-6.1221375,6.442748,2
497,-0.24066162,-0.08795166,0.02923584,26.404581,0.4351145,25.900763,2
498,-0.23742676,-0.04559326,0.046691895,23.76336,26.022902,-13.015267,2
499,-0.25683594,-0.070617676,-0.033996582,46.160305,27.282442,-25.48855,2
500,-0.22424316,-0.1204834,-0.027038574,-84.43511,-34.885498,28.29771,2
501,-0.22631836,-0.034057617,-0.07104492,-13.648855,-25.786259,25.183207,2
502,-0.20349121,-0.08190918,-0.020446777,-45.221375,-41.84733,52.93893,2
503,-0.22143555,-0.06390381,0.057128906,38.12214,22.57252,4.145038,2
504,-0.19067383,-0.13409424,-0.048828125,84.27481,0.3129771,10.0992365,2
505,-0.22113037,-0.11627197,-0.023925781,-10.587787,8.938931,3.7328243,2
506,-0.22180176,-0.0791626,-0.010925293,-39.16794,-8.053435,-10.358779,2
507,-0.22174072,-0.103637695,-0.020385742,13.572519,6.068702,-10.083969,2
508,-0.21057129,-0.08807373,-0.044128418,-99.618324,-22.496183,0.870229,2
509,-0.23944092,-0.059753418,-0.06365967,-21.587786,13.519084,-2.832061,2
510,-0.18286133,-0.086242676,-0.109802246,12.335877,-3.0152671,2.2824428,2
511,-0.21618652,-0.083496094,-0.0793457,-22.832062,-18.717558,-17.167938,2
512,-0.23474121,-0.07720947,-0.08496094,25.076336,4.671756,13.38168,2
513,-0.20306396,-0.0791626,-0.07897949,-11.297709,1.0992366,-15.931297,2
514,-0.21429443,-0.07696533,-0.08868408,-12.755725,-3.5496182,-7.1603055,2
515,-0.22088623,-0.08343506,-0.083984375,-43.9771,-21.931297,-7.8396945,2
516,-0.1930542,-0.1329956,-0.06781006,11.78626,9.167939,-6.5419846,2
517,-0.21710205,-0.12786865,-0.057556152,-16.541985,-20.67939,-13.114504,2
518,-0.19995117,-0.0791626,-0.066711426,-15.198473,-9.534351,-20.725191,2
519,-0.20062256,-0.10571289,-0.07421875,16.480917,10.687023,-1.9465649,2
520,-0.2107544,-0.09674072,-0.05407715,5.076336,14.664123,-9.839695,2
521,-0.22070312,-0.0949707,-0.07678223,-1.3053435,0.9160305,-11.068703,2
522,-0.21051025,-0.08905029,-0.08502197,4.3206105,2.59542,-5.8015265,2
523,-0.215271,-0.11029053,-0.0713501,0.08396947,0.89312977,1.0229008,2
524,-0.21478271,-0.11968994,-0.06060791,-6.0992365,-2.2519083,-6.10687,2
525,-0.19976807,-0.13604736,-0.059936523,4.0152674,1.9465649,0.648855,2
526,-0.20361328,-0.10839844,-0.07678223,-3.4198472,4.8625956,-2.1068702,2
527,-0.18066406,-0.12597656,-0.08135986,23.564886,-1.8778626,1.4045801,2
528,-0.20013428,-0.12145996,-0.068481445,22.74809,18.412214,4.145038,2
529,-0.19793701,-0.11755371,-0.07720947,0.870229,4.366412,-1.5648855,2
530,-0.19165039,-0.12591553,-0.08514404,1.038168,3.0458016,-4.7709923,2
531,-0.19976807,-0.09362793,-0.10961914,-11.587787,-0.4351145,-3.8778627,2
532,-0.19561768,-0.101501465,-0.0871582,9.908397,4.8244276,-12.938931,2
533,-0.19110107,-0.14398193,-0.03363037,-9.534351,1.2061069,-2.9770992,2
534,-0.21258545,-0.14892578,0.0012817383,94.87786,63.44275,64.67939,2
535,-0.21014404,-0.11206055,-0.0029296875,-57.87786,-29.267176,-5.59542,2
536,-0.19073486,-0.12609863,-0.0423584,-58.809162,-17.778625,-46.366413,2
537,-0.19439697,-0.12634277,-0.095825195,-10.946565,-11.435115,-3.427481,2
538,-0.20550537,-0.11517334,-0.070007324,23.419847,-0.46564886,3.5877862,2
539,-0.21166992,-0.07220459,-0.09881592,17.656488,7.5725193,-10.40458,2
540,-0.2298584,-0.08807373,-0.04638672,0.48854962,8.114504,-11.412213,2
541,-0.21502686,-0.1048584,-0.05895996,38.732826,24.793894,4.7633586,2
542,-0.20806885,-0.09918213,-0.072509766,-13.427481,-11.412213,-4.9007635,2
543,-0.21582031,-0.10601807,-0.04827881,-1.7862595,-4.6030536,-0.9389313,2
544,-0.21136475,-0.07678223,-0.050231934,13.961832,8.923664,4.1221375,2
545,-0.20428467,-0.11199951,-0.055358887,3.6259542,3.4885497,4.3816795,2
546,-0.21612549,-0.12506104,-0.014221191,-23.10687,-13.251908,-11.022901,2
547,-0.18029785,-0.09643555,-0.08605957,-1.29771,4.328244,1.1374046,2
548,-0.17254639,-0.1560669,-0.022216797,-30.183207,-2.7480917,4.70229,2
549,-0.17327881,-0.15893555,-0.04815674,19.91603,33.87786,-26.404581,2
550,-0.13830566,-0.17858887,-0.056640625,-37.625954,-32.50382,-5.0152674,2
551,-0.21386719,-0.095458984,-0.020568848,-18.687023,-8.687023,-15.541985,2
552,-0.19799805,-0.105895996,-0.04815674,-16.206106,-12.603053,23.91603,2
553,-0.23065186,-0.09710693,0.0032958984,-15.480916,-7.923664,-13.511451,2
554,-0.21704102,-0.13201904,-0.016967773,2.7251909,-0.7251908,10.793893,2
555,-0.21716309,-0.10076904,-0.026367188,-0.6335878,0.36641222,-2.7175572,2
556,-0.22662354,-0.09588623,-0.022338867,-5.0229006,-5.3893127,-1.1221374,2
557,-0.2255249,-0.11175537,-0.038635254,8.374045,1.6335878,-0.48091602,2
558,-0.23425293,-0.09979248,-0.04119873,14.725191,11.946565,-16.832062,2
559,-0.22686768,-0.10107422,-0.04058838,0.58778626,9.549619,-7.0534353,2
560,-0.20684814,-0.110839844,-0.043029785,36.183205,8.877863,15.633588,2
561,-0.21673584,-0.10070801,-0.05682373,-12.908397,-1.3740458,-7.0916033,2
562,-0.21899414,-0.107543945,-0.053100586,-0.3053435,3.7557251,-1.2061069,2
563,-0.21728516,-0.11151123,-0.055908203,-1.6030535,3.7633588,-4.6412215,2
564,-0.21105957,-0.089538574,-0.061340332,-3.0687022,-2.389313,-6.3816795,2
565,-0.21380615,-0.050476074,-0.037109375,-18.977098,12.40458,5.6106873,2
566,-0.23901367,-0.097229004,-0.06762695,17.908398,-5.5267177,-8.610687,2
567,-0.21087646,-0.11975098,-0.018859863,15.641221,13.870229,-5.6183205,2
568,-0.2131958,-0.09967041,-0.046203613,7.9465647,7.29771,-1.610687,2
569,-0.21313477,-0.111572266,-0.05859375,-13.022901,-6.7251906,14.145039,2
570,-0.22650146,-0.08312988,-0.02960205,20.419847,5.40458,1.7633588,2
571,-0.21734619,-0.087524414,-0.040100098,-7.9007635,1.6259542,-15.083969,2
572,-0.23254395,-0.091918945,-0.044189453,-9.519084,-0.64122134,-11.931297,2
573,-0.22442627,-0.07623291,-0.05596924,16.038168,7.59542,-1.5801526,2
574,-0.23156738,-0.09283447,-0.04827881,-12.824428,-3.038168,-4.816794,2
575,-0.22521973,-0.07495117,-0.05456543,20.29771,8.091603,0.870229,2
576,-0.23669434,-0.07714844,-0.06561279,8.19084,8.801527,-8.78626,2
577,-0.21960449,-0.064819336,-0.053527832,0.3740458,3.778626,-9.541985,2
578,-0.22589111,-0.08856201,-0.042785645,-0.90839696,1.3206106,-2.3969467,2
579,-0.22833252,-0.089416504,-0.03527832,8.0992365,0.7557252,-2.6335878,2
580,-0.21697998,-0.108947754,-0.05493164,-14.358779,-2.465649,-3.9847329,2
581,-0.20440674,-0.1026001,-0.07946777,21.198473,-1.9770992,-8.977099,2
582,-0.2107544,-0.09362793,-0.008300781,-37.908398,-8.78626,-4.0839696,2
583,-0.21673584,-0.13165283,-0.009155273,-15.038168,-13.679389,11.206107,2
584,-0.23944092,-0.05267334,-0.04852295,-0.35877863,-19.274809,4.038168,2
585,-0.2399292,-0.07879639,0.024108887,27.992367,22.67939,-5.5038166,2
586,-0.20904541,-0.089538574,0.037597656,26.549618,2.0152671,-4.3053436,2
587,-0.24780273,-0.10119629,0.01171875,-6.4274807,-2.4580152,-3.8549619,2
588,-0.25402832,-0.010192871,0.024536133,43.816795,27.778625,-3.2900763,2
589,-0.24731445,-0.064453125,0.0107421875,2.4732823,5.2061067,6.442748,2
590,-0.23638916,-0.076171875,0.004760742,-12.251908,2.351145,-15.687023,2
591,-0.23522949,-0.094055176,-0.024414062,-7.3969464,2.8015268,3.2748091,2
592,-0.23669434,-0.08343506,-0.03503418,17.603054,6.4580154,1.2442749,2
593,-0.23468018,-0.09033203,-0.023071289,-2.9160306,1.7251909,-0.71755725,2
594,-0.24475098,-0.06732178,-0.039916992,38.08397,18.290077,12.198473,2
595,-0.21984863,-0.076538086,-0.04901123,4.3511453,6.145038,-10.183207,2
596,-0.22265625,-0.068847656,-0.04675293,-22.328245,3.832061,-11.129771,2
597,-0.22631836,-0.07519531,-0.06976318,-27.80916,-4.931298,1.9541985,2
598,-0.23327637,-0.05505371,-0.06536865,-23.480917,-2.5038168,2.0305343,2
599,-0.22729492,-0.04663086,-0.0670166,-5.4732823,1.0152671,-1.6412214,2
600,-0.19622803,-0.08947754,-0.031311035,22.290077,24.183207,-2.961832,2
601,-0.24780273,-0.061584473,-0.025512695,10.954199,-9.839695,-8.503817,2
602,-0.24749756,-0.079589844,-0.03125,-13.557252,-2.3664122,-3.1068702,2
603,-0.2555542,-0.03930664,-0.023071289,-12.564885,-3.2900763,-2.832061,2
604,-0.2520752,-0.025939941,-0.057678223,-13.076336,2.6717558,3.1984732,2
605,-0.25054932,-0.021118164,-0.03643799,-11.236641,3.3435113,1.8091604,2
606,-0.26287842,-0.010986328,-0.01940918,-8.59542,2.3816793,-7.1221375,2
607,-0.24450684,-0.058410645,-0.015258789,63.435116,12.21374,-2.572519,2
608,-0.22991943,-0.027832031,-0.024597168,2.6335878,1.8625954,-3.091603,2
609,-0.24346924,-0.043395996,-0.036193848,13.641221,13.229008,-9.488549,0
610,-0.0029296875,-0.14215088,-0.09814453,-30.290077,-4.366412,-192.57253,0
611,0.18493652,-0.14520264,-0.08520508,44.862595,84.71756,32.29771,0
612,0.15899658,-0.17901611,0.04815674,15.946565,-47.267174,-6.1374044,0
613,0.17504883,-0.171875,-0.0012817383,-4.9007635,9.244275,-4.9541984,0
614,0.1899414,-0.16796875,-0.0018920898,-5.7938933,9.167939,0.26717559,0
615,0.17736816,-0.19055176,0.040405273,14.19084,-0.6870229,-5.4885497,0
616,0.152771,-0.08319092,-0.17376709,-47.091602,-14.229008,-3.7633588,0
617,0.14605713,-0.16784668,-0.11419678,73.19084,48.49618,-29.51145,0
618,0.15148926,-0.0925293,-0.10626221,-208.1145,-33.015266,19.458015,0
619,0.17718506,-0.119384766,-0.107666016,-12.961832,-4.328244,4.633588,0
620,0.18273926,-0.083496094,-0.15032959,-44.572517,-23.450382,6.3129773,0
621,0.13916016,-0.13842773,-0.15179443,17.900763,1.1068702,-6.5496182,0
622,0.17541504,-0.12487793,-0.14050293,3.221374,4.8702292,-5.4503818,0
623,0.21960449,-0.048339844,-0.07183838,-47.244274,40.038166,23.862595,0
624,0.31243896,0.058776855,-0.01574707,67.42748,-56.671757,-20.12977,0
625,0.22698975,-0.10888672,0.0003662109,4.9007635,-3.480916,1.1984733,0
626,0.15466309,-0.15533447,-0.07556152,-0.4351145,-0.6335878,-7.480916,0
627,0.16113281,-0.05444336,-0.115722656,-38.38168,48.12214,5.3053436,0
628,0.21063232,-0.15435791,-0.11456299,80.66412,47.79389,34.15267,0
629,0.09875488,-0.20300293,-0.06524658,4.816794,-157.05344,-74.34351,0
630,-0.13970947,-0.17810059,-0.039794922,-19.076336,35.85496,4.664122,0
631,-0.13275146,-0.1628418,-0.10437012,52.29771,16.854961,0.57251906,0
632,-0.16821289,-0.13311768,-0.12042236,0.54198474,1.1374046,-3.40458,0
633,-0.15118408,-0.14154053,-0.13336182,-2.9923663,-1.3740458,-2.1145039,0
634,-0.14105225,-0.13745117,-0.11999512,-1.259542,0.84732825,-2.0076337,0
635,-0.14831543,-0.14752197,-0.13311768,19.992367,18.816793,-1.9465649,0
636,0.22497559,-0.091674805,-0.062927246,31.206106,-0.29007635,-25.977098,0
637,0.17663574,-0.1430664,-0.053771973,-63.198475,33.870228,129.229,0
638,-0.13287354,-0.13323975,-0.13757324,2.5038168,-1.8931298,0.114503816,0
639,-0.16156006,-0.13250732,-0.12561035,2.6183207,6.2824426,-1.1603054,0
640,0.10296631,-0.21923828,0.10119629,3.5114503,3.519084,-2.2824428,0
641,0.09429932,-0.21759033,0.11627197,-6.931298,18.778625,-0.5801527,0
642,0.008361816,-0.17767334,-0.18048096,-55,-32.53435,-29,0
643,0.059570312,-0.18536377,-0.17675781,-6.0076337,11,-13.793893,0
644,-0.0006713867,-0.25219727,-0.14190674,49.709923,51.40458,-11.572519,0
645,0.047851562,-0.076171875,-0.22521973,-148.28244,-34.290077,2.2137403,0
646,-0.11090088,-0.12011719,-0.27868652,-52.74046,108.72519,-62.633587,0
647,0.027282715,-0.25598145,0.0073242188,26.984734,1.1908396,-1.1832061,0
648,0.038635254,-0.25048828,0.022949219,-7.2366414,2.3206108,-3.1145039,0
649,0.12133789,-0.23168945,-0.020935059,16.25191,-29.29771,-25.564886,0
650,0.10089111,-0.23156738,0.026794434,-22.076336,-2.1603053,-2.0152671,0
651,-0.0024414062,-0.032348633,-0.25616455,58.290077,75.03053,20.564886,0
652,0.05505371,-0.039916992,-0.2798462,2.0992367,63.64122,19.854961,0
653,0.076660156,-0.13500977,-0.21130371,129.67175,35.282444,-28.38168,0
654,0.11846924,-0.22296143,-0.045898438,81.40458,-0.13740458,35.74046,0
655,0.12731934,-0.24224854,0.011047363,1.0534351,1.4885496,-13.2595415,0
656,0.16693115,-0.19537354,0.03314209,9.5801525,-4.6488547,-4.183206,0
657,0.15905762,-0.18145752,0.042785645,-20.022902,27.137405,-0.03816794,0
658,0.14703369,-0.21362305,0.04925537,20,32.251907,-34.931297,0
659,0.17144775,-0.20214844,-0.007446289,-20.625954,12.4198475,-15.519084,0
660,0.09020996,-0.21295166,-0.045410156,9,24.793894,-4.9083967,0
661,0.08392334,-0.21734619,-0.05053711,-17.908398,23.610687,-13.648855,0
662,0.08459473,-0.22796631,-0.038024902,1.6717557,-16.335878,15.923664,0
663,0.06994629,-0.22943115,0.095336914,108.63359,20.641222,-23.633587,0
664,0.032043457,-0.20306396,0.06536865,-7.1297708,-38.190838,-7.9160304,0
665,0.061950684,-0.18859863,0.078186035,-2.1755726,-56.53435,-14.587787,0
666,0.13439941,-0.21429443,-0.001953125,0.54198474,-12.458015,-3.3816793,0
667,0.105163574,-0.24591064,-0.011413574,0.8244275,39.61832,6.29771,0
668,0.13702393,-0.22137451,0.022460938,16.480917,-39.50382,-7.5496182,0
669,0.08850098,-0.16900635,0.028503418,-10.656488,-4.557252,5.7557254,0
670,0.119262695,-0.25708008,0.0007324219,-3.946565,26.366413,-1.4427481,0
671,0.11218262,-0.21966553,0.043945312,-14.557252,-13.442748,-3.038168,0
672,0.12799072,-0.23944092,0.018371582,-3.1374047,-7.1221375,-8.801527,0
673,0.12060547,-0.20843506,0.0040283203,9.572519,2.3053436,-9.954199,0
674,0.09539795,-0.19750977,0.018859863,-24.839695,13.870229,-5.0229006,0
675,0.16577148,-0.24310303,0.026916504,-8.534351,25.801527,9.167939,3
676,0.15039062,-0.18811035,0.013244629,5.8015265,-53.23664,-13.328244,3
677,0.137146,-0.1743164,-0.014770508,35.198475,-21.549618,2.70229,3
678,0.119628906,-0.18023682,0.016906738,-44.67939,-67.45038,3.8473282,3
679,-0.21069336,-0.16790771,-0.04309082,-101.23664,-11.282443,-81.78626,3
680,-0.23614502,-0.17059326,-0.080444336,1.5954199,8.061069,-1.1832061,3
681,-0.13024902,-0.12249756,-0.0736084,41.87786,-14.267176,-2.1145039,3
682,-0.21844482,-0.11566162,-0.047424316,-1.1526718,-21.57252,57.35878,3
683,-0.26922607,-0.123168945,-0.026855469,50.015266,-9.633588,104.778625,3
684,-0.16003418,-0.104003906,-0.067993164,16.10687,16.053434,-53.38168,3
685,-0.15704346,-0.18896484,-0.009887695,-55.015266,-37.290077,-38.251907,3
686,-0.17254639,-0.12207031,-0.05303955,-4.328244,-2.5038168,-24.08397,3
687,-0.18664551,-0.09857178,-0.035827637,50.603054,5.2824426,39.23664,3
688,-0.16247559,-0.09680176,-0.050598145,50.091602,36.15267,45.709923,3
689,-0.19445801,-0.10760498,-0.05114746,-9.694656,31.48855,-81.59542,3
690,-0.2119751,-0.18780518,-0.014038086,-157.1145,-75.580154,-64.496185,3
691,0.17053223,-0.22595215,-0.0013427734,20.76336,-9.961832,3.6030533,3
692,0.16461182,-0.19049072,-0.0005493164,36.480915,-47.64122,-3.961832,3
693,0.13024902,-0.23150635,0.024536133,12.129771,-9.0992365,-6.8244276,3
694,0.15484619,-0.22601318,0.044067383,-2.0687022,26.526718,19.885496,3
695,0.107788086,-0.23394775,0.038513184,-20.854961,10.572519,-34.76336,3
696,0.099975586,-0.20452881,0.025817871,-35.435116,-16.442749,-8.977099,3
697,0.053771973,-0.12524414,-0.1906128,-52.32061,-53.50382,93.27481,3
698,-0.066101074,-0.09918213,-0.113586426,-110.71756,-74.87786,49.51145,3
699,-0.20019531,-0.10064697,-0.022399902,-81.83206,26.603054,-145.00763,3
700,-0.21374512,-0.10675049,0.0040893555,-63.78626,47.0229,-121.16794,3
701,-0.28076172,-0.14324951,-0.03149414,-112.0458,46.47328,-192.15266,3
702,0.15881348,-0.12561035,-0.08874512,3.6717558,19.29771,-60,3
703,0.26080322,-0.10882568,-0.078552246,34.900764,-44.648853,-60.984734,3
704,0.15991211,-0.072387695,-0.1439209,37.83206,22.984734,31.534351,3
705,0.16381836,-0.19891357,-0.014831543,-18.274809,29.541985,44.40458,3
706,0.16888428,-0.16760254,-0.06915283,100.938934,-22.564886,5.0839696,3
707,0.12414551,-0.19238281,0.038208008,22.396946,-13.106871,-1.4732825,3
708,0.18475342,-0.25549316,0.033813477,31.648855,-32.129772,3.923664,3
709,0.15698242,-0.19610596,-0.0003662109,-23.229008,47.290077,-18.396946,3
710,0.12072754,-0.2156372,-0.0031738281,-28.122137,33,-5.2061067,3
711,0.14990234,-0.22741699,0.031982422,-47.74046,43.82443,8.122137,3
712,0.15515137,-0.2084961,-0.0126953125,-7.0076337,8.992367,-3.0458016,3
713,0.16253662,-0.19683838,0.0014648438,31.412214,-33.969467,-6.3511453,3
714,0.13513184,-0.19934082,-0.013305664,-30.122137,48.55725,7.7099237,3
715,0.14758301,-0.21325684,0.017150879,-9.908397,-1.5267175,-2.1603053,3
716,0.13452148,-0.17181396,-0.010864258,22.946566,-33.587788,-15.442748,3
717,0.14154053,-0.2064209,0.033447266,4.412214,20.732824,-1.1526718,3
718,0.17578125,-0.16430664,-0.041137695,32.91603,-67.900764,21.839695,3
719,0.15942383,-0.23114014,-0.023498535,-13.977099,15.053435,22.770992,3
720,0.2506714,-0.13500977,0.012878418,-27.030535,25.694656,25.87023,3
721,0.11627197,-0.19812012,-0.018188477,-44.87786,33.10687,13.2213745,3
722,0.13482666,-0.22747803,-0.0099487305,-24.099237,13.488549,-10.717557,3
723,0.13708496,-0.19482422,0.0029907227,6.2748094,-11.564885,-27.244274,3
724,0.15264893,-0.18817139,-0.010498047,23.908398,0.97709924,-4.2671757,3
725,0.12261963,-0.21490479,-0.01586914,16.625954,7.038168,-7.8015265,3
726,0.14141846,-0.19036865,-0.009338379,2.1984732,3.816794,-3.4122138,3
727,0.15820312,-0.19488525,-0.01159668,1.5572519,3.0229008,0.32824427,3
728,0.13598633,-0.19689941,-0.0048217773,7.19084,-3.465649,-1.4961832,3
729,0.13763428,-0.19689941,-0.0076904297,0.17557251,6.2824426,-0.4427481,3
730,0.12225342,-0.2199707,-0.02734375,10.488549,-16.10687,-10.366412,3
731,0.11730957,-0.21148682,-0.048217773,-17.282442,12.106871,10,3
732,0.22497559,-0.15899658,0.103881836,26.595419,-53.770992,15.083969,3
733,0.10443115,-0.20117188,-0.016906738,-20.396946,39.183205,-6.3053436,3
734,0.1798706,-0.19763184,-0.023376465,-41.717556,61.72519,16.977098,3
735,0.20550537,-0.16497803,-0.005065918,-9.664123,31.221375,-6.9465647,3
736,0.21295166,-0.19232178,-0.01171875,36.190838,-53.114502,-4.3893127,3
737,0.1373291,-0.18450928,-0.042663574,15.687023,-21.091602,16.160305,3
738,0.18707275,-0.24285889,-0.016235352,-15.641221,14.076336,37.93893,3
739,0.12841797,-0.20233154,-0.03375244,-16.23664,-5.6488547,-10.7786255,3
740,0.11517334,-0.1842041,-0.026611328,0.7099237,-25.900763,0.8854962,3
741,0.12207031,-0.22088623,0.010375977,16.229008,-20.648855,-18.587786,3
742,0.18963623,-0.25512695,-0.017822266,26.137405,-31.038168,-1.3206106,3
743,0.1159668,-0.1986084,-0.0524292,4.4732823,27.030535,26.526718,3
744,0.1472168,-0.22216797,-0.01953125,-34.923664,79.47328,6.9923663,3
745,0.15130615,-0.21160889,0.02709961,-5.3129773,-28.419847,9.80916,3
746,0.15563965,-0.20507812,-0.014953613,42.435116,-41.885498,-12.816793,3
747,0.115234375,-0.20587158,-0.033813477,4.8778625,9.870229,10.549619,3
748,0.16448975,-0.14099121,0.015625,-5.328244,35.47328,-38.85496,3
749,0.1416626,-0.14526367,-0.0040893555,14.671756,-43.625954,8.335877,3
750,0.15722656,-0.23937988,0.0044555664,11.2213745,-14.297709,-7.7251906,3
751,0.14831543,-0.1796875,-0.020751953,2.8778627,10.7404585,-14.534351,3
752,0.1026001,-0.21356201,-0.014526367,-14.503817,11.664123,-0.34351146,3
753,0.069885254,-0.23571777,0.0010375977,-19.374046,49.717556,-26.961832,3
754,0.0904541,-0.2692871,0.064819336,-31.80916,86.47328,0.27480915,3
755,0.10809326,-0.21984863,0.1217041,-11.633588,52.587788,-51.61832,3
756,0.09411621,-0.20733643,0.09979248,5.335878,-43.251907,4.5267177,3
757,0.15289307,-0.21520996,0.10040283,11.671756,-16.435114,-6.9007635,3
758,0.12939453,-0.17810059,0.04486084,19.32061,-34.068703,-5.4961834,3
759,0.10986328,-0.18121338,0.04663086,16.48855,-23.442749,-2.6335878,3
760,0.12188721,-0.21832275,0.054260254,0.2977099,-31.977098,-2.091603,3
761,0.13543701,-0.21307373,0.017211914,4.2900763,6.816794,12.061069,3
762,0.11541748,-0.22485352,0.073791504,-0.21374045,-9.206107,3.4351146,3
763,0.13519287,-0.20343018,0.07080078,11.992367,10.114504,-7.1603055,3
764,-0.030334473,-0.24163818,0.06903076,29.564886,-36.87786,-22.961832,3
765,0.21533203,-0.11920166,0.000793457,-43.251907,-6.9770994,-26.603054,3
766,0.16809082,-0.17504883,0.028320312,5.7251906,2.8091602,6.9389315,3
767,0.15307617,-0.20794678,0.008483887,-34.244274,43.030533,14.320611,3
768,0.12237549,-0.15545654,-0.060791016,-164.61069,27.89313,37.541985,3
769,0.2602539,-0.09112549,-0.042541504,17.977098,-35.290077,12.175572,3
770,0.12652588,-0.17510986,-0.1538086,-45.717556,-31.839695,26.099237,3
771,0.15673828,-0.06994629,-0.081970215,-19.76336,52.91603,21.717558,3
772,0.09857178,-0.06573486,-0.25152588,1.2748091,19.656488,17.32061,3
773,0.105285645,-0.06201172,-0.22052002,5.59542,-12.2213745,1.1603054,3
774,0.10845947,-0.055847168,-0.215271,-11.129771,10.480916,14.076336,3
775,0.13696289,-0.054138184,-0.17443848,14.770992,17.67939,-12.320611,3
776,0.23120117,-0.09613037,-0.12182617,80.908394,40.221375,94.98473,3
777,0.122558594,-0.08770752,-0.20153809,1.70229,29.08397,-4.259542,3
778,0.11956787,-0.06512451,-0.18145752,-16.358778,15.389313,19.435114,3
779,0.14099121,-0.04144287,-0.20776367,-86.66412,-39.129772,-34.29771,3
780,0.10864258,0.013671875,-0.22076416,25.442749,26.213741,5.6488547,3
781,0.15197754,-0.059509277,-0.27349854,-41.870228,7.6412215,34.282444,3
782,0.11065674,-0.10925293,-0.119506836,-45.244274,-13.916031,-8.541985,3
783,0.095581055,-0.18786621,-0.005004883,13.335877,-9.160305,-2.816794,3
784,0.12792969,-0.15692139,-0.15026855,-59.519085,-7.9083967,4.8396945,3
785,0.0690918,-0.14569092,-0.19335938,-18.885496,-21.053434,-1.908397,3
786,0.11022949,-0.17175293,-0.10723877,2,4.068702,-7.8396945,3
787,0.12365723,-0.1741333,-0.12487793,-10.862596,51.67939,30.32061,3
788,0.140625,-0.095214844,-0.10437012,-109.21374,-33.664124,1.3435115,3
789,0.025878906,0.12890625,-0.24572754,73.221375,61.20611,73.25191,3
790,0.11663818,-0.15826416,-0.15527344,-62.160305,9.763359,5.2671757,3
791,0.10406494,-0.08911133,-0.23516846,-61.610687,-17.213741,4.9160304,3
792,0.07519531,-0.049804688,-0.23474121,-25.541985,49.72519,15.923664,3
793,0.07733154,-0.032165527,-0.25402832,49.38168,22.160305,1.1984733,3
794,0.06640625,-0.19000244,-0.15209961,27.076336,6.3053436,-6.5267177,3
795,0.09832764,-0.16113281,-0.15228271,40.396946,11.007633,-7.7328243,3
796,0.14385986,-0.20892334,-0.09881592,-8.969465,10.450381,9.038168,3
797,0.111694336,-0.17449951,-0.15429688,-36.312977,-26.274809,-16.091602,3
798,0.12554932,-0.14361572,-0.168396,-13.992367,20.29771,-4.412214,3
799,0.109191895,-0.17675781,-0.101501465,-26.198473,-16.89313,-11.839695,3
800,0.073913574,0.009277344,-0.21917725,15.541985,15.2595415,24.70229,3
801,0.19104004,-0.050048828,-0.13647461,-30.709923,-1.6793894,-54.267174,3
802,0.15783691,0.04663086,-0.15716553,2.793893,-35.450382,-13.229008,3
803,0.105285645,-0.025024414,-0.20690918,16.564886,16.412214,-0.53435117,3
804,0.1303711,-0.004699707,-0.20837402,-28.32061,-6.183206,-11.38168,3
805,0.16516113,-0.031433105,-0.12823486,33.83206,-0.3129771,26.450382,3
806,0.1048584,-0.054016113,-0.18444824,-3.40458,-4.2137403,9.870229,3
807,0.11621094,-0.18603516,-0.124938965,-37.801525,10.763359,-20.862595,3
808,0.074645996,-0.152771,-0.17327881,110.96947,65.71756,9.152672,3
809,0.09124756,-0.11328125,-0.23779297,-89.69466,42.244274,-10.671756,3
810,0.07281494,-0.08648682,-0.23138428,9.145039,-4.778626,-6.7175574,3
811,0.10467529,-0.19555664,-0.07043457,-87.229004,-58.908398,-13.923664,3
812,0.10723877,-0.22894287,-0.057373047,26.885496,3.9007633,-17.793894,3
813,0.11425781,-0.11663818,-0.12231445,-56.801525,-1.0763359,0.129771,3
814,0.15765381,-0.108947754,-0.1375122,16.526718,33.229008,-1.1908396,3
815,0.14105225,-0.15167236,-0.1204834,-12.648855,-12.045801,17.862595,3
816,0.14764404,-0.1697998,-0.052368164,7.335878,-2.7633588,-13.122137,3
817,0.16400146,-0.17541504,-0.049072266,-2.4503818,-3.1068702,7.0992365,3
818,0.16699219,-0.10284424,-0.097961426,-40.183205,-22.57252,-8.603053,3
819,0.109436035,-0.10205078,-0.2154541,0.8549618,0.34351146,-11.335877,3
820,0.099853516,-0.024291992,-0.19415283,2.1526718,-5.19084,-14.625955,3
821,0.029418945,-0.21929932,-0.0982666,44.961834,2.2442749,11.694656,3
822,0.048950195,-0.023864746,-0.23474121,76.62595,18.900763,2.1145039,3
823,0.15789795,-0.05847168,-0.16467285,5.7480917,-21.526718,48.709923,3
824,0.07989502,-0.018066406,-0.17999268,-60.27481,-34.44275,-46.129772,3
825,0.07208252,-0.012756348,-0.16131592,-112.89313,-30.824427,1.0305344,3
826,0.0960083,-0.17962646,-0.097229004,-6.5343513,1.5572519,9.793893,3
827,0.08886719,-0.22662354,-0.057128906,-0.86259544,5.2366414,-1.8167939,3
828,0.120910645,-0.19769287,-0.015686035,6.9389315,-0.5648855,-3.4885497,3
829,0.1060791,-0.18859863,-0.14300537,-50.351147,19.450382,21.152672,3
830,0.13519287,-0.19921875,-0.046447754,-33.87786,-19.473282,-32.694656,3
831,0.14868164,-0.10040283,-0.15429688,36.25954,-0.8396947,0.8244275,3
832,0.12780762,-0.11053467,-0.16912842,1.9312977,7.587786,1.3129771,3
833,0.14898682,-0.087890625,-0.16802979,-81.32061,-2.1374047,-37.137405,3
834,0.16955566,-0.22070312,-0.040039062,-172.32825,-54.282444,-25.076336,3
835,0.11633301,0.03869629,-0.1821289,-23.32061,12.877863,12.847328,3
836,0.10839844,-0.03515625,-0.32092285,16.76336,-2.8473282,19.229008,3
837,0.11578369,-0.08843994,-0.18664551,-45.06107,-62.244274,-70.48855,3
838,0.10266113,-0.021362305,-0.19140625,4.7633586,48.183205,0.77862597,3
839,0.09698486,-0.03338623,-0.20013428,0.3129771,-42.870228,20.022902,3
840,0.14868164,-0.038330078,-0.2074585,-171.18321,-27.534351,-30.725191,3
841,0.071899414,-0.022705078,-0.21295166,-30.335878,-1.5648855,-5.80916,3
842,0.05432129,-0.018859863,-0.22485352,47.53435,10.106871,9.694656,3
843,0.05682373,-0.20654297,-0.10644531,-44.84733,-18.977098,-7,3
844,0.08178711,-0.19262695,-0.07647705,-9.877863,13.656488,-21.839695,3
845,0.13293457,-0.15466309,-0.09539795,-23.854961,-12.358779,8.984733,3
846,0.15039062,-0.16766357,-0.1182251,81.67939,11.854961,-11.030535,3
847,0.1550293,-0.16052246,-0.12567139,-29.839695,30.183207,21.89313,3
848,0.06335449,-0.15716553,-0.20898438,-30.656488,-38.770992,-24.29771,3
849,0.12298584,-0.09637451,-0.11883545,-27.42748,54.625954,62.946564,3
850,0.08428955,-0.1194458,-0.17053223,-17.328245,-55.114502,-6.633588,3
851,0.10015869,-0.052368164,-0.21447754,4.3969464,-1.5496184,-19.442749,3
852,0.09503174,-0.1027832,-0.2982788,52.427483,-2.1984732,8.832061,3
853,0.10046387,-0.12390137,-0.18237305,85.59542,-11.450381,33.015266,3
854,0.10626221,-0.09802246,-0.18475342,-34,-25.977098,2.519084,3
855,0.1751709,0.03338623,-0.16107178,-68.46565,-8.755725,15.755725,3
856,0.14886475,-0.035339355,-0.16546631,107.145035,-1.1526718,21.778625,3
857,0.078430176,0.005126953,-0.22680664,26.213741,38.610687,63.312977,3
858,0.09918213,-0.20605469,-0.07727051,19.48855,2.6259542,-3.1908398,3
859,0.14916992,-0.2041626,-0.068359375,4.7480917,6.0534353,-4.7709923,3
860,0.13757324,-0.2119751,-0.084472656,-10.480916,-9.137404,-8.0992365,3
861,0.11517334,-0.08770752,-0.15966797,-111.23664,10.427481,11.2595415,3
862,0.15014648,-0.09307861,-0.16711426,-43.08397,-9.40458,11.679389,3
863,0.20043945,-0.23474121,-0.0009155273,88.9313,-2.053435,-37.08397,3
864,0.1977539,-0.13146973,-0.051086426,-117.64122,-44.335876,-21.694656,3
865,0.048095703,-0.0029907227,-0.26501465,-15.496183,-27.816793,21.816793,3
866,0.16601562,-0.003112793,-0.18963623,47.87786,29.335878,-12.557252,3
867,0.14453125,0.025512695,-0.08441162,24.503817,-62.664124,37.992367,3
868,0.10345459,-0.16278076,-0.26141357,48.49618,-24.343512,28.206106,3
869,0.09661865,-0.0146484375,-0.19256592,-64.33588,-21.595419,12.564885,3
870,0.11468506,-0.02947998,-0.21899414,-44.541985,-55.55725,6.7251906,3
871,0.08862305,-0.21868896,-0.044921875,32.59542,-14.854961,11.954199,3
872,0.0758667,-0.18603516,-0.074401855,-90.21374,-38.068703,-0.06870229,3
873,0.10021973,0.0052490234,-0.2590332,-11.351145,15.007633,-26.816793,3
874,0.101135254,-0.18145752,-0.115722656,29.770992,-6.3587785,-10.671756,3
875,0.123046875,-0.17199707,-0.18548584,152.45801,63.44275,34.045803,3
876,0.12414551,-0.2276001,-0.066223145,-4.0916033,8.274809,-5.0839696,3
877,0.14837646,-0.21765137,-0.08856201,-65.01527,3.1145039,-14.343512,3
878,0.13348389,-0.15393066,-0.12475586,20.824427,58.099236,38.366413,3
879,0.118774414,-0.053833008,-0.23083496,-72.145035,-22.458015,-9.137404,3
880,0.1027832,-0.123046875,-0.16784668,-14.091603,-9.366412,-9.702291,3
881,0.088134766,0.021057129,-0.17810059,-70.56489,-51.129772,-15.305344,3
882,0.14489746,-0.09301758,-0.12359619,-18.496183,70.19847,21.687023,3
883,0.08605957,0.0018310547,-0.23071289,-13.4198475,-4.6488547,-0.053435113,3
884,0.068847656,-0.019592285,-0.2397461,72.34351,19.923664,-14.717557,3
885,0.10253906,-0.064941406,-0.22265625,-1.9541985,-10.374045,-11.870229,3
886,0.10974121,-0.17700195,-0.1317749,24.38168,8.5801525,-0.27480915,3
887,0.1116333,-0.08074951,-0.18963623,-49.40458,-21.053434,-7.9465647,3
888,0.08319092,-0.04425049,-0.20697021,37.778625,16.87023,-26.198473,3
889,0.10827637,-0.22192383,-0.052978516,15.328244,-2.5038168,10.251908,3
890,0.12158203,-0.15118408,-0.15771484,5.854962,12.068703,15.7786255,3
891,0.1296997,-0.10925293,-0.13964844,-101.65649,-38.694656,-21.045801,3
892,0.0793457,-0.05645752,-0.2276001,54.954197,7.6870227,-12.61832,3
893,0.11022949,-0.12011719,-0.23345947,136.41985,42.160305,-16.114504,3
894,0.17138672,-0.017089844,-0.07659912,-24.885496,-2.5648854,47.23664,3
895,0.053222656,0.041992188,-0.24829102,-101.71756,-75.60305,-42.946564,3
896,0.06365967,-0.017150879,-0.21069336,-7.4732823,12.274809,8.877863,3
897,0.10443115,-0.085998535,-0.25024414,-22.38168,11.2595415,-20.10687,3
898,0.099487305,0.015686035,-0.1875,75.9542,-17.007633,28.412214,3
899,0.007385254,-0.16363525,-0.32659912,40.91603,13.076336,-8.916031,3
900,0.09753418,-0.06896973,-0.19122314,-20.946566,-41.038166,-29.229008,3
901,0.10809326,-0.030395508,-0.25042725,-44.27481,33.32061,25.404581,3
902,0.0982666,-0.053222656,-0.18304443,195.43512,22.984734,32.427483,3
903,0.12567139,-0.21520996,-0.10223389,-5.7557254,-10.59542,-17.068703,3
904,0.11212158,-0.19470215,-0.11853027,-60.091602,0.65648854,0.1908397,3
905,0.13360596,-0.18890381,-0.08251953,15,7.8778625,-6.4351144,3
906,0.119262695,-0.17504883,-0.13104248,46.84733,43.541985,6.7328243,3
907,0.14233398,-0.20715332,-0.09649658,-55.862595,-20.32061,-14.007633,3
908,0.19293213,-0.120788574,0.03479004,31.32061,8.045801,-33.79389,3
909,0.230896,-0.09765625,-0.0010986328,-31.992367,-6.7480917,-3.091603,3
910,0.17803955,-0.15722656,-0.085998535,130.92366,7.6870227,-27.931297,3
911,0.080322266,-0.13903809,-0.17175293,76.9313,2.687023,6.442748,3
912,0.026184082,0.032043457,-0.28692627,11.946565,40.9771,20.412214,3
913,0.09008789,-0.05328369,-0.20465088,-10.557252,-10.961832,-19.404581,3
914,0.17419434,-0.08709717,-0.23345947,-35.969467,-52.900764,-39.931297,3
915,0.076416016,0.077819824,-0.22467041,14.687023,15.748092,42.351147,3
916,0.14123535,-0.06793213,-0.14978027,177.43512,36.908398,22.389313,3
917,0.15460205,-0.19244385,-0.12017822,73.419846,-9.984733,-19.580153,3
918,0.16369629,-0.14569092,-0.11273193,6.7099237,-22.877863,-44.32061,3
919,0.14477539,-0.08074951,-0.15808105,-5.2366414,27.137405,79.34351,3
920,0.15405273,-0.16955566,-0.10845947,-1.3587786,4.557252,-4.9389315,3
921,0.16156006,-0.11633301,-0.0859375,9.496183,-0.6793893,-31.25191,3
922,0.08996582,-0.083618164,-0.19561768,41.687023,18.793894,12.480916,3
923,0.11224365,-0.053100586,-0.17486572,-10.709924,-4.3435116,2.8244274,3
924,0.09161377,-0.08081055,-0.19000244,-13.748092,-31.114504,-3.4351146,3
925,0.10253906,0.02532959,-0.19244385,36.9771,10.702291,10.229008,3
926,0.13690186,0.11303711,-0.13476562,39.450382,0.15267175,-4.0152674,3
927,0.1473999,-0.003479004,-0.22253418,5.931298,-3.312977,-22.648855,3
928,0.119140625,-0.19311523,-0.08416748,26.335878,-13.473283,-13.137404,3
929,0.09124756,-0.1829834,-0.12579346,77.55725,15.59542,3.2442749,3
930,0.070129395,-0.06958008,-0.19836426,147.58778,23.961832,5.1374044,3
931,0.101501465,-0.11407471,-0.18103027,135.84734,0.49618322,22.961832,3
932,0.10736084,-0.04425049,-0.20404053,-13.297709,11.977099,-5.5648856,3
933,0.080078125,-0.22381592,-0.07458496,8.938931,8.045801,-4.412214,3
934,0.09490967,-0.20758057,-0.0847168,22.053434,20.450382,-1.6946565,3
935,0.11773682,-0.18487549,-0.17480469,26.908398,17.198473,-1.8473282,3
936,0.07458496,-0.21350098,-0.06719971,-16.198473,8.129771,-6.0076337,3
937,0.122558594,-0.15002441,-0.14245605,-67.80916,-0.129771,-14.679389,3
938,0.14611816,-0.19976807,-0.036071777,-3.664122,23.89313,2.206107,3
939,0.15289307,-0.17010498,-0.024780273,3.40458,7.7328243,-4.076336,3
940,0.11590576,-0.12902832,-0.17089844,-13.587787,40.89313,-0.21374045,3
941,0.07330322,-0.15545654,-0.19360352,30.946566,55.74046,13.335877,3
942,0.12475586,0.0079956055,-0.23181152,13.40458,4.366412,-33.16794,3
943,0.12780762,-0.11602783,-0.16259766,-18.717558,26.358778,16.015266,3
944,0.11462402,-0.16149902,-0.09674072,14.511451,-21.603054,3.8778627,3
945,0.031921387,0.05834961,-0.27392578,-85.9313,7.5725193,33.816795,3
946,0.10443115,-0.17114258,-0.13909912,-24.534351,3.221374,-4.335878,3
947,0.10272217,-0.15350342,-0.121276855,6.8702292,-20.206106,-13.549619,3
948,0.10687256,-0.190979,-0.10668945,31.068703,-5.5267177,-10.450381,3
949,0.13696289,-0.16772461,-0.077819824,31.74809,-37.229008,-39.61832,3
950,0.1463623,-0.17260742,-0.1538086,24.70229,42.91603,-23.42748,3
951,0.06274414,-0.054992676,0.008728027,-28,-71.778625,187.1374,3
952,-0.23596191,-0.14379883,-0.0028686523,-0.26717559,115.67939,-80.1145,3
953,0.1574707,-0.13079834,-0.12927246,57.15267,15.152672,15.916031,3
954,0.14971924,-0.03741455,-0.15759277,-8.664123,-30.610687,13.129771,3
955,0.08843994,-0.066833496,-0.21679688,62.931297,-18.42748,14.2595415,3
956,0.09716797,-0.08831787,-0.175354,-124.70229,-34.70229,-5.2900763,3
957,0.068237305,-0.21929932,-0.104003906,57.84733,-10.824428,11.648855,3
958,0.10723877,-0.1798706,-0.16473389,115.25191,1.5419847,-3.6793892,3
959,0.07299805,-0.2265625,-0.09185791,1.9770992,3.908397,10.053435,3
960,0.1038208,-0.16278076,-0.09844971,-10.977099,23.961832,44.396946,3
961,0.118896484,-0.11682129,-0.17822266,76.458015,53.84733,13.824428,3
962,0.15020752,-0.17175293,-0.06652832,0.45038167,6.412214,-5.5038166,3
963,0.16235352,-0.16320801,-0.059265137,0.13740458,0.9389313,-1.351145,3
964,0.15234375,-0.1829834,-0.072265625,-0.3740458,1.480916,-1.8015267,3
965,0.16668701,-0.17364502,-0.06298828,-0.13740458,2.9007633,-3.9770992,3
966,0.16723633,-0.038879395,-0.16882324,-103.78626,-30.389313,-21.244274,3
967,0.12030029,-0.0010375977,-0.17480469,29.312977,9.610687,-24.244274,3
968,0.14282227,-0.12322998,-0.17828369,83.10687,13.862596,2.70229,3
969,0.0793457,-0.075805664,-0.18621826,-51.65649,-59.221375,-19.87023,3
970,0.11407471,-0.15106201,-0.17633057,23.053434,-11.030535,4.1755724,3
971,0.12060547,-0.17956543,-0.109802246,27.992367,17.709923,1.1068702,3
972,0.12536621,-0.20550537,-0.089660645,7.8702292,6.7328243,-8.480916,3
973,0.11376953,-0.13122559,-0.10656738,-23.374046,12.343512,17.816793,3
974,0.14019775,-0.092285156,-0.17529297,17.282442,25.12977,-19.274809,3
975,0.06616211,-0.1519165,-0.18365479,8.40458,-1.1221374,29.312977,3
976,0.08428955,-0.1352539,-0.20800781,-68.24428,-0.53435117,1.4580153,3
977,0.1015625,-0.09515381,-0.2144165,-54.038166,-32.045803,19.519083,3
978,0.18188477,-0.099975586,-0.10058594,-10.427481,13.038168,6.6412215,3
979,0.18493652,-0.03289795,-0.15203857,-127.30534,-29.152672,8.862596,3
980,0.09008789,0.0032958984,-0.17901611,-7.961832,3.5114503,2.687023,3
981,0.08105469,-0.043701172,-0.2199707,-3.5648854,-0.21374045,-11.030535,3
982,0.11706543,-0.20361328,-0.11376953,5.4961834,-10.091603,-4.145038,3
983,0.1293335,-0.18933105,-0.056274414,-0.3053435,-9.625955,-38.984734,3
984,0.117248535,-0.14959717,-0.11010742,-36.572517,13.992367,24.671755,3
985,0.11505127,-0.18634033,-0.10015869,0.5114504,1.870229,0.89312977,3
986,0.1609497,-0.16705322,-0.0748291,-18.816793,2.7709923,0.57251906,3
987,0.12994385,-0.22943115,-0.18310547,20.396946,5.6564884,-2.2519083,3
988,0.20617676,-0.04333496,-0.04925537,47.068703,-0.90839696,-86.259544,3
989,0.15557861,-0.12866211,-0.09954834,25.709923,-31.74809,111.79389,3
990,0.14801025,-0.1486206,-0.107543945,-2.183206,3.6335878,0.35114503,3
991,0.14611816,-0.14801025,-0.11541748,-3.5496182,3.206107,-0.77099234,3
992,0.16259766,-0.15551758,-0.09509277,2.091603,2.8244274,-2.7557251,3
993,0.15753174,-0.15093994,-0.08618164,0.03816794,3.6259542,-1.0992366,3
994,0.16363525,-0.16430664,-0.09729004,-0.5801527,6.3816795,-2.2290077,3
995,0.190979,-0.12347412,-0.052856445,83.57252,-54.59542,-31.709923,3
996,0.117614746,-0.07122803,-0.15838623,-59.198475,26.290077,27.351145,3
997,0.10095215,-0.07293701,-0.21612549,27.412214,32.06107,1.1450381,3
998,0.13519287,-0.059936523,-0.18200684,16.068703,11.656488,-12.160305,3
999,0.16033936,-0.048950195,-0.13372803,27.603054,1.3206106,-24.442749,3
1000,0.10449219,-0.064208984,-0.14971924,143.89313,50.091602,-8.053435,3
1001,0.15264893,-0.18902588,-0.12286377,29.404581,-12.198473,-5.0610685,3
1002,0.23779297,-0.28356934,-0.05609131,-3.778626,-3.870229,-43.48855,3
1003,0.16656494,-0.16455078,-0.08270264,-1.389313,-1.038168,1.8625954,3
1004,0.15112305,-0.17456055,-0.08538818,-18.70229,-7.9694657,2.7328243,3
1005,0.13458252,-0.10223389,-0.16986084,-16.435114,3.5877862,-0.52671754,3
1006,0.11376953,-0.112854004,-0.19024658,16.786259,5.931298,-3.9389312,3
1007,0.12365723,-0.15246582,-0.115722656,44.778625,22.57252,-0.28244275,3
1008,0.11602783,-0.096191406,-0.20202637,63.931297,8.053435,15.801527,3
1009,0.11242676,-0.19525146,-0.06768799,23.633587,-4.3206105,-6.2290077,3
1010,0.1439209,-0.07006836,-0.13934326,-20.847328,13.427481,23.282442,3
1011,0.14691162,-0.13897705,-0.14355469,-8.305344,8.5801525,49.67939,3
1012,0.13775635,-0.17242432,-0.07543945,26.099237,27.450382,0.7480916,3
1013,0.16290283,-0.18743896,-0.045959473,6.0916033,13.374045,-4.480916,3
1014,0.15020752,-0.17211914,-0.041625977,-2.129771,1.0534351,-1.648855,3
1015,0.15106201,-0.17840576,-0.07348633,-31.977098,-23.847328,-7.1297708,3
1016,0.13079834,-0.03765869,-0.16546631,-24.473282,-9.755725,1.4732825,3
1017,0.11907959,-0.0033569336,-0.21722412,-23.931297,-24.29771,28.694656,3
1018,0.16265869,-0.0736084,-0.1897583,39.045803,41.17557,-53.32061,3
1019,0.13305664,-0.024597168,-0.22283936,8.709924,23.732824,-3.351145,3
1020,0.08129883,-0.20397949,-0.104003906,-44.870228,7.0610685,-33.21374,3
1021,0.115356445,-0.19824219,-0.114746094,12.557252,-3.1068702,-11.61832,3
1022,0.10101318,-0.1977539,-0.10479736,-10.030535,8.770992,-5.0229006,3
1023,0.107666016,-0.1998291,-0.07531738,-40.9771,7.6870227,1.5877863,3
1024,0.07739258,-0.0592041,-0.1843872,226.41985,173.2061,114.78626,3
1025,0.12927246,-0.09777832,-0.20275879,-24.48855,3.6335878,-6.6870227,3
1026,0.11755371,-0.099121094,-0.1749878,3.6183207,1.259542,0.099236645,3
1027,0.14691162,-0.10345459,-0.16381836,2.0305343,-3.3969467,-8.519084,3
1028,0.16381836,-0.12823486,-0.14916992,145.9771,40.89313,-105.76336,3
1029,0.18585205,-0.12609863,-0.1272583,-30.335878,-52.687023,-16.374046,3
1030,0.1720581,-0.08618164,-0.13665771,-4.9770994,-1.5267175,-1,3
1031,0.16436768,-0.10406494,-0.14355469,-6.2748094,-11.465649,3.091603,3
1032,0.10101318,-0.044128418,-0.17401123,-23.633587,-34.40458,10.732824,3
1033,0.09967041,-0.061462402,-0.21313477,88.778625,-20.099237,18.625954,3
1034,0.15496826,-0.09716797,-0.077819824,-47.27481,5.7709923,5.2366414,3
1035,0.079833984,-0.0079956055,-0.2243042,-7.6106873,7.5648856,2.70229,3
1036,0.103515625,-0.10888672,-0.2331543,113.07633,43.068703,-22.770992,3
1037,0.09466553,-0.23406982,-0.13720703,24.885496,-3.9694657,-2.1374047,3
1038,0.057739258,0.03955078,-0.21136475,6.221374,-8.549619,3.1145039,3
1039,0.09741211,-0.14251709,-0.16461182,8.893129,-6.1221375,-5.519084,3
1040,0.105163574,-0.21362305,-0.11035156,1.4503816,2.1984732,-25.152672,3
1041,0.1459961,-0.12060547,-0.18347168,-20.687023,2.29771,60.46565,3
1042,0.09338379,-0.20031738,-0.13537598,-13.679389,5.3206105,-17.274809,3
1043,0.12145996,0.0009765625,-0.20397949,36.87786,18.183207,7.740458,3
1044,0.05267334,-0.16729736,-0.12866211,-86.27481,-15.366412,-21.25191,3
1045,0.075683594,-0.13824463,-0.13238525,-41.267174,-46.053436,9.076336,3
1046,0.091430664,-0.18109131,-0.13891602,58.9771,29.969465,-6.145038,3
1047,0.13256836,-0.027893066,-0.1638794,55.396946,-24.801527,-23.786259,3
1048,0.16296387,-0.035095215,-0.089904785,-9.496183,-59.93893,25.732824,3
1049,0.08135986,-0.13189697,-0.24395752,-43.27481,18.847328,38.21374,3
1050,0.15032959,-0.18701172,-0.040893555,-42.47328,65.25191,-24.114504,3
1051,0.10583496,-0.08972168,-0.19329834,41.229008,-9.366412,-32.007633,3
1052,0.14074707,-0.19873047,-0.08093262,27.167938,-12.229008,-32.129772,3
1053,0.12176514,-0.12286377,-0.09265137,-56.587788,-10.282443,38.541985,3
1054,0.15130615,-0.11291504,-0.16949463,-32.38168,-6.3206105,6.221374,3
1055,0.16766357,-0.05822754,-0.124694824,-74.381676,-8.343512,-6.4656487,3
1056,0.13586426,-0.103881836,-0.16870117,12.877863,11.129771,12.694656,3
1057,0.13684082,-0.1651001,-0.106933594,4.4351144,5.8778625,0.26717559,3
1058,0.14892578,-0.17712402,-0.09033203,17.145039,8.007633,-0.96183205,3
1059,0.15081787,-0.18255615,-0.06866455,3.923664,2.9160306,-2.923664,3
1060,0.1607666,-0.17633057,-0.06225586,25.984734,-7.4503818,-12.893129,3
1061,0.032287598,-0.20111084,-0.15112305,2.6793892,-13.038168,19.603054,3
1062,0.08306885,-0.21826172,-0.08795166,0.19847329,6.0229006,-11.015267,3
1063,0.12365723,-0.13745117,-0.11303711,1.9007634,18.564886,23.42748,3
1064,0.1494751,-0.1986084,-0.038757324,15.977099,78.1145,-23.038168,3
1065,0.14666748,-0.18652344,-0.04827881,0.7633588,1.8473282,-4.2900763,3
1066,0.1583252,-0.17840576,-0.0647583,-6.221374,1.8778626,-0.259542,3
1067,0.16699219,-0.16833496,-0.099121094,0.114503816,5.0229006,-4.7328243,3
1068,0.15765381,-0.16973877,-0.08099365,-0.73282444,0.99236643,1.2366412,3
1069,0.14746094,-0.17059326,-0.09295654,-3.3282442,1.0152671,-0.47328246,3
1070,0.12817383,-0.056030273,-0.21447754,30.167938,-10,-32.839695,3
1071,0.1595459,-0.12060547,-0.052490234,-138.05344,-30.419847,-21.458015,3
1072,0.07110596,-0.0056762695,-0.21661377,-0.061068702,-10.206107,-18.648855,3
1073,0.16174316,-0.013305664,-0.12322998,12.763359,-12.755725,-6.9770994,3
1074,0.1282959,-0.09741211,-0.20092773,-135.2061,3.3053436,-44.885498,3
1075,0.07385254,-0.10723877,-0.18188477,104.458015,2.9923663,34.78626,3
1076,0.16662598,-0.107055664,-0.18756104,19.541985,27.67939,4.778626,3
1077,0.09234619,-0.06781006,-0.22076416,-45.587788,-18.038168,-1.3053435,3
1078,0.1899414,-0.10650635,-0.10028076,-11.564885,3.5038168,-18.160305,3
1079,0.103515625,-0.16607666,-0.15429688,-0.648855,-3.2671757,-22.259542,3
1080,0.105285645,-0.15820312,-0.13018799,-113.80153,4.335878,-15.916031,3
1081,0.16925049,-0.23431396,-0.048095703,85.27481,23.175573,-24.900763,3
1082,0.17919922,-0.18096924,-0.038208008,1.4045801,1.9770992,-5.2290077,3
1083,0.16589355,-0.18310547,0.011779785,-16.335878,1.5954199,3.3053436,3
1084,0.1762085,-0.18243408,0.051086426,-25.068703,-5.7557254,2.091603,3
1085,0.17095947,-0.17956543,0.038757324,-4.8702292,1.6412214,-1.6030535,3
1086,0.19726562,-0.15618896,0.08331299,-56.351147,21.404581,39.29771,3
1087,0.15820312,-0.16998291,-0.07104492,5.221374,9.343512,-2.816794,3
1088,0.16033936,-0.16906738,-0.0793457,0.23664123,-0.129771,-3.221374,3
1089,0.15576172,-0.16931152,-0.07312012,-1.1526718,1.3129771,-3.6335878,3
1090,0.12957764,-0.028503418,-0.16601562,-22.396946,6.335878,22.931297,3
1091,0.16638184,-0.1593628,-0.09863281,48.72519,3.0458016,-6.7480917,3
1092,0.12841797,-0.10699463,-0.17401123,108.78626,-25.801527,19.473282,3
1093,0.097473145,-0.19500732,-0.09136963,26.725191,3.8931298,-10.717557,3
1094,0.10888672,-0.21820068,-0.087646484,-1.519084,-25.74809,2.8473282,3
1095,0.14910889,-0.10247803,-0.14019775,-41.85496,17.175573,7.1984735,3
1096,0.10876465,-0.17346191,-0.12030029,-65.15267,-22.25191,18.671755,3
1097,0.06536865,-0.087646484,-0.20202637,-34.954197,-6.8320613,6.3206105,3
1098,0.0491333,-0.11236572,-0.20452881,-1.2671756,-1.1145039,-9.687023,3
1099,0.040222168,-0.092285156,-0.21014404,-11.282443,1.70229,-4.3587785,3
1100,0.043029785,-0.058898926,-0.230896,99.41222,23.885496,5.9847326,3
1101,0.076660156,-0.18798828,-0.09423828,-27.175573,-53.839695,-16.992367,3
1102,0.10632324,-0.1675415,-0.13848877,36.328243,21.29771,-0.9389313,3
1103,0.040649414,0.10601807,-0.18310547,10.908397,7.5801525,-14.755725,3
1104,0.0014038086,0.1348877,-0.18310547,3.351145,-4.068702,-0.39694658,3
1105,0.010192871,-0.018920898,-0.23583984,-26.114504,28.87023,13.893129,3
1106,0.072265625,-0.18884277,-0.12554932,19.832062,22.70229,6.740458,3
1107,0.085876465,-0.080200195,-0.1595459,10.992367,0.1908397,11.435115,3
1108,0.092041016,-0.2008667,-0.0869751,-4.2366414,21.503817,-11.80916,3
1109,0.08117676,-0.1708374,-0.14465332,2.6564887,-6.923664,-6.9770994,3
1110,0.11468506,-0.22357178,-0.10046387,-1.0534351,12.80916,-50.49618,3
1111,0.12084961,-0.20794678,-0.12207031,-18.595419,-14.053435,37.290077,3
1112,0.10498047,-0.14074707,-0.12915039,-65.40458,-24.015266,-18.23664,3
1113,0.13067627,-0.19024658,-0.08709717,-0.5648855,38.65649,-10.4198475,3
1114,0.14678955,-0.1852417,-0.0602417,-2.9847329,1.2900764,0.5114504,3
1115,0.13873291,-0.18328857,-0.055236816,-2.1145039,1.8396946,-1.5267175,3
1116,0.15740967,-0.15997314,-0.09716797,-16.351145,-13.091603,-35.038166,3
1117,0.17480469,-0.124572754,-0.12640381,24.786259,-4.519084,29.450382,3
1118,0.17687988,0.022766113,-0.10644531,9.343512,11.587787,3.183206,3
1119,0.11328125,-0.1260376,-0.18927002,-41.59542,-10.366412,13.564885,3
1120,0.11804199,-0.21783447,-0.10070801,104.53435,18.12977,-19.305344,3
1121,0.097229004,-0.13446045,-0.18725586,37.900764,1.2900764,-20.015266,3
1122,0.07788086,-0.08251953,-0.18273926,-154.01527,6.2290077,-24.931297,3
1123,0.09094238,-0.20251465,-0.08428955,37.244274,-13.40458,-5.442748,3
1124,0.15008545,-0.1730957,-0.084228516,-47.435116,-21.656488,-2.3587787,3
1125,0.15301514,-0.15802002,-0.13342285,61.72519,37.900764,15.7404585,3
1126,0.15533447,-0.17651367,-0.074645996,0.3740458,3.3969467,0.90839696,3
1127,0.15319824,-0.17700195,-0.08862305,-2.053435,2.6564887,-2.183206,3
1128,0.14093018,-0.17352295,-0.08288574,-1.2137405,-0.10687023,-1.5114504,3
1129,0.15942383,-0.17254639,-0.07470703,-0.8778626,1.3664122,-1.4274809,3
1130,0.17108154,-0.15924072,-0.09631348,47.351147,-10.274809,0.70229006,3
1131,0.083862305,-0.083984375,-0.1862793,-23.984734,-12.7404585,5.1679387,3
1132,0.1463623,-0.08093262,-0.20013428,-30.473282,-1.2519084,-12.473283,3
1133,0.06781006,-0.32714844,-0.14178467,93.29771,49.687023,-4.5725193,3
1134,0.05682373,0.0005493164,-0.2821045,-38.91603,-29.167938,3.7709923,3
1135,0.14575195,-0.16967773,-0.08544922,35.335876,-16.854961,-54.35878,3
1136,0.15167236,-0.040100098,-0.17370605,16.442749,10.969465,44.08397,3
1137,0.18609619,-0.068603516,-0.13336182,38.114502,-55.351147,-12.038168,3
1138,0.18255615,-0.037841797,-0.07824707,64.00764,-47.633587,23.854961,3
1139,0.23364258,-0.10467529,0.020996094,-36,-32.900764,-18.10687,3
1140,0.10510254,0.007446289,-0.2131958,81.35114,-3.8396947,4.1755724,3
1141,0.12860107,-0.026550293,-0.20336914,-3.3053436,38.374046,23.244274,3
1142,0.07989502,0.06829834,-0.20410156,-12.236641,12.725191,-44.27481,3
1143,0.09454346,0.038391113,-0.21844482,8.022901,4.0076337,12.160305,3
1144,0.1060791,-0.081726074,-0.2154541,15.343512,0.60305345,-6.5725193,3
1145,0.113220215,-0.22741699,-0.094177246,3.4961832,-2.8015268,-13.2213745,3
1146,0.14727783,-0.17565918,-0.11138916,-78.824425,-6.4656487,5.3129773,3
1147,0.13134766,-0.20147705,-0.061645508,0.16793893,23.450382,-1.3664122,3
1148,0.14855957,-0.19134521,-0.054626465,0.045801528,1.4351145,-5.931298,3
1149,0.15753174,-0.1920166,-0.0423584,-2.2290077,1.4122137,-2.0076337,3
1150,0.107177734,-0.041137695,-0.22131348,38.221375,13.641221,-12.572519,3
1151,0.14001465,-0.09625244,-0.17370605,-8.931297,7.9007635,15.854961,3
1152,0.12023926,-0.050842285,-0.20300293,-22.328245,5.5648856,1.6412214,3
1153,0.11694336,-0.07757568,-0.19506836,3.167939,16.80916,-9.106871,3
1154,0.11065674,-0.19207764,-0.1171875,-27.541985,-17.38168,-6.9465647,3
1155,0.14489746,-0.19073486,-0.037109375,5.4580154,-45,-20.877863,3
1156,0.09814453,-0.06341553,-0.15570068,55.351147,87.71756,55.17557,3
1157,0.19146729,-0.18151855,-0.04675293,1.5877863,12.877863,-6.2824426,3
1158,0.16827393,-0.18231201,-0.032348633,-0.9312977,0.33587787,-2.6564887,3
1159,0.17181396,-0.1776123,-0.026916504,-2.9389312,0.5954198,-0.7557252,3
1160,0.08026123,-0.17828369,-0.12591553,12.076336,18.877863,7.5801525,3
1161,0.15447998,-0.04107666,-0.13964844,-0.32061067,-14.21374,-27.145039,3
1162,0.17279053,-0.17321777,-0.07220459,6.145038,-1.1908396,-19.267176,3
1163,0.17578125,-0.16802979,-0.08111572,39.82443,39.633587,41.190838,3
1164,0.1531372,-0.17669678,-0.05206299,-2.053435,3.427481,-2.2290077,3
1165,0.1651001,-0.16906738,-0.046813965,-0.46564886,1.5267175,-4.0152674,3
1166,0.19726562,-0.17230225,-0.0335083,5.5801525,2.6717558,-8.847328,3
1167,0.18829346,-0.1716919,-0.026428223,-0.610687,1.4122137,-0.24427481,3
1168,0.23040771,-0.13348389,-0.039916992,-89.98473,-9.312977,71.07633,3
1169,0.09100342,-0.2286377,-0.11383057,84.259544,-11.725191,23.694656,3
1170,0.15527344,-0.1716919,-0.10522461,52.770992,18.839695,-0.8167939,3
1171,0.099731445,-0.18585205,-0.108947754,90.183205,4.923664,7.5496182,3
1172,0.14788818,-0.19610596,-0.07800293,-3.8931298,-7.3435116,-23.671755,3
1173,0.123535156,-0.11505127,-0.08654785,15.755725,17.91603,70.08397,3
1174,0.16693115,-0.16113281,-0.048583984,-8.022901,-8.290076,-2.389313,3
1175,0.1809082,-0.16491699,-0.057006836,1.5572519,2.0687022,-2.4122138,3
1176,0.17584229,-0.16522217,-0.056030273,2.9007633,6.5114503,-0.32824427,3
1177,0.16119385,-0.049926758,-0.20947266,-11.534351,1.4885496,5.40458,3
1178,0.09857178,-0.18200684,-0.14624023,-3.389313,2.9847329,-7.4732823,3
1179,0.085754395,-0.17938232,-0.10821533,-186.19084,-23.496183,8.480916,3
1180,0.04547119,-0.26184082,0.017089844,20.778625,-16.08397,6.6946564,3
1181,0.045043945,-0.25787354,-0.07678223,-1.4351145,-6.412214,34.809162,3
1182,0.115234375,0.011474609,-0.22558594,-0.46564886,15.816793,-52.20611,3
1183,0.15551758,-0.23937988,-0.15557861,-30.839695,-8.709924,-26.76336,3
1184,0.07891846,-0.18054199,-0.086364746,42.458015,-31.923664,29.564886,3
1185,0.092041016,-0.20819092,-0.13104248,-16.832062,15.717557,-27.557251,3
1186,0.091308594,-0.051757812,-0.1907959,-6.7862597,-27.145039,1.6641221,3
1187,0.114746094,0.018554688,-0.18774414,38.870228,75.87786,27.335878,3
1188,0.14422607,-0.090148926,-0.17242432,11.450381,14.80916,21.419847,3
1189,0.16815186,-0.18096924,-0.050964355,-7.8625956,7.2366414,-18.335878,3
1190,0.12164307,-0.18548584,-0.11413574,163.32825,20.183207,53.946564,3
1191,0.10797119,-0.06121826,-0.13671875,9.450381,54.923664,-7.816794,3
1192,0.11541748,-0.030761719,-0.20202637,10.603053,10.717557,-11.374045,3
1193,0.098083496,-0.0758667,-0.1854248,8.908397,56.580154,4.7938933,3
1194,0.11102295,-0.20562744,-0.08532715,62.20611,-16.351145,-22.549618,3
1195,0.10089111,-0.24499512,-0.058654785,-5.1297708,-0.7557252,-20.801527,3
1196,0.11505127,-0.13269043,-0.15576172,-5.8320613,9.114504,33.65649,3
1197,0.09698486,-0.08856201,-0.21636963,26.587786,-6.0916033,7.89313,3
1198,0.1361084,-0.12286377,-0.15631104,-8.694656,3.1526718,-1.5343511,3
1199,0.12878418,-0.1605835,-0.14801025,46.83206,80.778625,6.2671757,3
1200,0.11248779,-0.0036010742,-0.22723389,6.5114503,16.595419,27.76336,3
1201,0.0736084,-0.25390625,-0.022338867,-87.01527,-5.0152674,-27.519083,3
1202,0.15759277,-0.18676758,-0.06567383,49.885498,-11.236641,0.8396947,3
1203,0.08319092,-0.1461792,-0.20349121,-49.10687,-52.862595,39.671757,3
1204,0.07989502,-0.032348633,-0.21807861,-83.824425,-39.068703,38.84733,3
1205,-0.00982666,-0.20300293,-0.122802734,-12.992367,6.70229,18.633587,3
1206,0.07562256,-0.13861084,-0.23010254,-3.4580152,-13.160305,-45.282444,3
1207,0.07720947,-0.25097656,-0.07507324,-81.061066,21.419847,21.25191,3
1208,0.15838623,-0.11816406,-0.15258789,-101.33588,-12.068703,-54.40458,3
1209,0.11846924,-0.012145996,-0.19140625,13.251908,1.0305344,-34.70229,3
1210,0.1486206,-0.1930542,-0.08331299,15.732824,-11.450381,-11.671756,3
1211,0.06323242,-0.24060059,-0.026550293,39.984734,-3.793893,15.183207,3
1212,0.051452637,-0.28912354,-0.05114746,-24.221375,21.442749,-14.2595415,3
1213,0.09069824,-0.17553711,-0.07385254,-68.541985,8.061069,-11.793893,3
1214,0.14898682,-0.21374512,-0.04144287,-6.076336,-9.59542,-54.099236,3
1215,0.16174316,-0.124816895,-0.047668457,-1.221374,-33.85496,3.793893,3
1216,0.0949707,0.021911621,-0.21417236,50.664124,10.496183,23.534351,3
1217,0.13562012,-0.13195801,-0.14160156,0.9160305,6.0839696,-1.5114504,3
1218,0.12420654,-0.1418457,-0.14263916,-18.557251,-3.2748091,1.4656489,3
1219,0.13671875,-0.17907715,-0.11352539,-38.549618,-15.679389,-24.862595,3
1220,0.22290039,-0.0357666,-0.113708496,-20.175573,0.122137405,-2.778626,3
1221,0.11419678,-0.11053467,-0.19921875,4.2061067,4.7709923,13.946565,3
1222,0.07714844,-0.026245117,-0.21136475,-37.70229,-21.404581,18.885496,3
1223,0.13653564,-0.12634277,-0.1729126,-1.7099236,6.80916,-2.1908398,3
1224,0.12548828,-0.12506104,-0.16412354,-15.129771,-20.977098,21.23664,3
1225,0.06506348,-0.019226074,-0.23901367,-5.9694657,-8.152672,18.412214,3
1226,0.18658447,-0.1060791,-0.112854004,-1.832061,-5.7175574,13.648855,3
1227,0.057434082,-0.035705566,-0.22027588,-67.03053,-18.458015,1.7099236,3
1228,0.09094238,-0.032409668,-0.20513916,-5.2824426,0.13740458,1.5648855,3
1229,0.14135742,-0.21295166,-0.0087890625,146.87787,13.496183,-5.9694657,3
1230,0.16308594,-0.19024658,0.026184082,-2.534351,3.2671757,-3.259542,3
1231,0.16369629,-0.18408203,-0.0020141602,15.702291,3.740458,-1,3
1232,0.15039062,-0.17913818,-0.016723633,0.099236645,-2.2671757,-0.7633588,3
1233,0.15673828,-0.19372559,-0.025634766,2.9160306,-3,-2.3816793,3
1234,0.15740967,-0.19818115,-0.01373291,-2.2137403,1.9541985,-2.2137403,3
1235,0.16040039,-0.19714355,-0.023986816,-0.54198474,1.5267175,-4.3511453,3
